Workbook

Sheet Forward
A1: IGPM | B1: IPCA | D1: 2015 | E1: 2016 | F1: 2017 | G1: 2018 | H1: 2019 | I1: 2020 | J1: 2021 | K1: 2022 | L1: 2023 | M1: 2024 | N1: 2025 | O1: 2026 | P1: 2027 | Q1: 2028 | R1: 2029 | S1: 2030 | T1: 2031 | U1: 2032 | V1: 2033 | W1: Preços Mercado Livre (I50% - 36 meses futuros) | X1: Preços Mercado Livre - Média Histórica ACL de 36 meses Futuros | Y1: Preços Mercado Livre (I50% - 60 meses futuros) | Z1: Preços Mercado Livre - Média Histórica ACL de 60 meses Futuros | AA1: Ágio Amarela | AB1: Ágio Verm I | AC1: Ágio Verm II | AD1: Break even (Bandeira Verde) | AE1: Break even (Bandeira Amarela) | AF1: Break even (Bandeira Vermelha 1) | AG1: Break even (Bandeira Vermelha 2) | AH1: % Economia (Livre x Cativo) | AI1: A+0 (atual 2026) | AJ1: A+1 (atual 2027) | AK1: A+2 (atual 2028) | AL1: A+3 (atual 2029) | AM1: A+4 (atual 2030)
A86: 0.0182 | B86: 0.0054 | C86: 44562 | K86: 234 | L86: 241 | M86: 214 | N86: =M86-15 -> 199 | O86: 191 | P86: 183 | Q86: =P86-5 -> 178 | R86: =Q86-5 -> 173 | S86: =R86-5 -> 168 | T86: =S86-5 -> 163 | W86: =((13-MONTH($C86))*INDEX($D86:$V86,1,MATCH(YEAR($C86),$D$1:$V$1,0))+12*INDEX($D86:$V86,1,MATCH(YEAR($C86)+1,$D$1:$V$1,0))+12*INDEX($D86:$V86,1,MATCH(YEAR($C86)+2,$D$1:$V$1,0))+(MONTH($C86)-1)*INDEX($D86:$V86,1,MATCH(YEAR($C86)+3,$D$1:$V$1,0)))/36 -> 229.66667 | X86: =AVERAGE($W$2:$W$198) -> 205.00794 | Y86: =((13-MONTH($C86))*INDEX($D86:$V86,1,MATCH(YEAR($C86),$D$1:$V$1,0))+12*INDEX($D86:$V86,1,MATCH(YEAR($C86)+1,$D$1:$V$1,0))+12*INDEX($D86:$V86,1,MATCH(YEAR($C86)+2,$D$1:$V$1,0))+12*INDEX($D86:$V86,1,MATCH(YEAR($C86)+3,$D$1:$V$1,0))+12*INDEX($D86:$V86,1,MATCH(YEAR($C86)+4,$D$1:$V$1,0))+(MONTH($C86)-1)*INDEX($D86:$V86,1,MATCH(YEAR($C86)+5,$D$1:$V$1,0)))/60 -> 215.8 | Z86: =AVERAGE($Y$2:$Y$198) -> 198.26369 | AA86: 29.89 | AB86: 65 | AC86: 97.95 | AD86: 300 | AE86: =$AD86+$AA86 -> 329.89 | AF86: =$AD86+$AB86 -> 365 | AG86: =$AD86+$AC86 -> 397.95 | AH86: =(AD86-W86)/AD86 -> 0.23444444 | AI86: =INDEX($D86:$V86,MATCH(YEAR($C86),$D$1:$V$1,0)) -> 234 | AJ86: =INDEX($D86:$V86,MATCH((YEAR($C86)+1),$D$1:$V$1,0)) -> 241 | AK86: =INDEX($D86:$V86,MATCH((YEAR($C86)+2),$D$1:$V$1,0)) -> 214 | AL86: =INDEX($D86:$V86,MATCH((YEAR($C86)+3),$D$1:$V$1,0)) -> 199 | AM86: =INDEX($D86:$V86,MATCH((YEAR($C86)+4),$D$1:$V$1,0)) -> 191
A87: 0.0183 | B87: 0.0101 | C87: 44593 | K87: 173 | L87: 234 | M87: 219 | N87: 201 | O87: 193 | P87: 185 | Q87: =P87-5 -> 180 | R87: =Q87-5 -> 175 | S87: =R87-5 -> 170 | T87: =S87-5 -> 165 | W87: =((13-MONTH($C87))*INDEX($D87:$V87,1,MATCH(YEAR($C87),$D$1:$V$1,0))+12*INDEX($D87:$V87,1,MATCH(YEAR($C87)+1,$D$1:$V$1,0))+12*INDEX($D87:$V87,1,MATCH(YEAR($C87)+2,$D$1:$V$1,0))+(MONTH($C87)-1)*INDEX($D87:$V87,1,MATCH(YEAR($C87)+3,$D$1:$V$1,0)))/36 -> 209.44444 | X87: =AVERAGE($W$2:$W$198) -> 205.00794 | Y87: =((13-MONTH($C87))*INDEX($D87:$V87,1,MATCH(YEAR($C87),$D$1:$V$1,0))+12*INDEX($D87:$V87,1,MATCH(YEAR($C87)+1,$D$1:$V$1,0))+12*INDEX($D87:$V87,1,MATCH(YEAR($C87)+2,$D$1:$V$1,0))+12*INDEX($D87:$V87,1,MATCH(YEAR($C87)+3,$D$1:$V$1,0))+12*INDEX($D87:$V87,1,MATCH(YEAR($C87)+4,$D$1:$V$1,0))+(MONTH($C87)-1)*INDEX($D87:$V87,1,MATCH(YEAR($C87)+5,$D$1:$V$1,0)))/60 -> 204.2 | Z87: =AVERAGE($Y$2:$Y$198) -> 198.26369 | AA87: 29.89 | AB87: 65 | AC87: 97.95 | AD87: 300 | AE87: =$AD87+$AA87 -> 329.89 | AF87: =$AD87+$AB87 -> 365 | AG87: =$AD87+$AC87 -> 397.95 | AH87: =(AD87-W87)/AD87 -> 0.30185185 | AI87: =INDEX($D87:$V87,MATCH(YEAR($C87),$D$1:$V$1,0)) -> 173 | AJ87: =INDEX($D87:$V87,MATCH((YEAR($C87)+1),$D$1:$V$1,0)) -> 234 | AK87: =INDEX($D87:$V87,MATCH((YEAR($C87)+2),$D$1:$V$1,0)) -> 219 | AL87: =INDEX($D87:$V87,MATCH((YEAR($C87)+3),$D$1:$V$1,0)) -> 201 | AM87: =INDEX($D87:$V87,MATCH((YEAR($C87)+4),$D$1:$V$1,0)) -> 193
A88: 0.0174 | B88: 0.0162 | C88: 44621 | K88: 192 | L88: 258 | M88: 225 | N88: 200 | O88: 192 | P88: 184 | Q88: =P88-5 -> 179 | R88: =Q88-5 -> 174 | S88: =R88-5 -> 169 | T88: =S88-5 -> 164 | W88: =((13-MONTH($C88))*INDEX($D88:$V88,1,MATCH(YEAR($C88),$D$1:$V$1,0))+12*INDEX($D88:$V88,1,MATCH(YEAR($C88)+1,$D$1:$V$1,0))+12*INDEX($D88:$V88,1,MATCH(YEAR($C88)+2,$D$1:$V$1,0))+(MONTH($C88)-1)*INDEX($D88:$V88,1,MATCH(YEAR($C88)+3,$D$1:$V$1,0)))/36 -> 225.44444 | X88: =AVERAGE($W$2:$W$198) -> 205.00794 | Y88: =((13-MONTH($C88))*INDEX($D88:$V88,1,MATCH(YEAR($C88),$D$1:$V$1,0))+12*INDEX($D88:$V88,1,MATCH(YEAR($C88)+1,$D$1:$V$1,0))+12*INDEX($D88:$V88,1,MATCH(YEAR($C88)+2,$D$1:$V$1,0))+12*INDEX($D88:$V88,1,MATCH(YEAR($C88)+3,$D$1:$V$1,0))+12*INDEX($D88:$V88,1,MATCH(YEAR($C88)+4,$D$1:$V$1,0))+(MONTH($C88)-1)*INDEX($D88:$V88,1,MATCH(YEAR($C88)+5,$D$1:$V$1,0)))/60 -> 213.13333 | Z88: =AVERAGE($Y$2:$Y$198) -> 198.26369 | AA88: 29.89 | AB88: 65 | AC88: 97.95 | AD88: 300 | AE88: =$AD88+$AA88 -> 329.89 | AF88: =$AD88+$AB88 -> 365 | AG88: =$AD88+$AC88 -> 397.95 | AH88: =(AD88-W88)/AD88 -> 0.24851852 | AI88: =INDEX($D88:$V88,MATCH(YEAR($C88),$D$1:$V$1,0)) -> 192 | AJ88: =INDEX($D88:$V88,MATCH((YEAR($C88)+1),$D$1:$V$1,0)) -> 258 | AK88: =INDEX($D88:$V88,MATCH((YEAR($C88)+2),$D$1:$V$1,0)) -> 225 | AL88: =INDEX($D88:$V88,MATCH((YEAR($C88)+3),$D$1:$V$1,0)) -> 200 | AM88: =INDEX($D88:$V88,MATCH((YEAR($C88)+4),$D$1:$V$1,0)) -> 192
A89: 0.0141 | B89: 0.0106 | C89: 44652 | K89: 172 | L89: 258 | M89: 233 | N89: 202 | O89: 194 | P89: 186 | Q89: =P89-5 -> 181 | R89: =Q89-5 -> 176 | S89: =R89-5 -> 171 | T89: =S89-5 -> 166 | W89: =((13-MONTH($C89))*INDEX($D89:$V89,1,MATCH(YEAR($C89),$D$1:$V$1,0))+12*INDEX($D89:$V89,1,MATCH(YEAR($C89)+1,$D$1:$V$1,0))+12*INDEX($D89:$V89,1,MATCH(YEAR($C89)+2,$D$1:$V$1,0))+(MONTH($C89)-1)*INDEX($D89:$V89,1,MATCH(YEAR($C89)+3,$D$1:$V$1,0)))/36 -> 223.5 | X89: =AVERAGE($W$2:$W$198) -> 205.00794 | Y89: =((13-MONTH($C89))*INDEX($D89:$V89,1,MATCH(YEAR($C89),$D$1:$V$1,0))+12*INDEX($D89:$V89,1,MATCH(YEAR($C89)+1,$D$1:$V$1,0))+12*INDEX($D89:$V89,1,MATCH(YEAR($C89)+2,$D$1:$V$1,0))+12*INDEX($D89:$V89,1,MATCH(YEAR($C89)+3,$D$1:$V$1,0))+12*INDEX($D89:$V89,1,MATCH(YEAR($C89)+4,$D$1:$V$1,0))+(MONTH($C89)-1)*INDEX($D89:$V89,1,MATCH(YEAR($C89)+5,$D$1:$V$1,0)))/60 -> 212.5 | Z89: =AVERAGE($Y$2:$Y$198) -> 198.26369 | AA89: 29.89 | AB89: 65 | AC89: 97.95 | AD89: 300 | AE89: =$AD89+$AA89 -> 329.89 | AF89: =$AD89+$AB89 -> 365 | AG89: =$AD89+$AC89 -> 397.95 | AH89: =(AD89-W89)/AD89 -> 0.255 | AI89: =INDEX($D89:$V89,MATCH(YEAR($C89),$D$1:$V$1,0)) -> 172 | AJ89: =INDEX($D89:$V89,MATCH((YEAR($C89)+1),$D$1:$V$1,0)) -> 258 | AK89: =INDEX($D89:$V89,MATCH((YEAR($C89)+2),$D$1:$V$1,0)) -> 233 | AL89: =INDEX($D89:$V89,MATCH((YEAR($C89)+3),$D$1:$V$1,0)) -> 202 | AM89: =INDEX($D89:$V89,MATCH((YEAR($C89)+4),$D$1:$V$1,0)) -> 194
A90: 0.0052 | B90: 0.0047 | C90: 44682 | K90: 170 | L90: 235 | M90: 228 | N90: 208 | O90: 200 | P90: 192 | Q90: =P90-5 -> 187 | R90: =Q90-5 -> 182 | S90: =R90-5 -> 177 | T90: =S90-5 -> 172 | W90: =((13-MONTH($C90))*INDEX($D90:$V90,1,MATCH(YEAR($C90),$D$1:$V$1,0))+12*INDEX($D90:$V90,1,MATCH(YEAR($C90)+1,$D$1:$V$1,0))+12*INDEX($D90:$V90,1,MATCH(YEAR($C90)+2,$D$1:$V$1,0))+(MONTH($C90)-1)*INDEX($D90:$V90,1,MATCH(YEAR($C90)+3,$D$1:$V$1,0)))/36 -> 215.22222 | X90: =AVERAGE($W$2:$W$198) -> 205.00794 | Y90: =((13-MONTH($C90))*INDEX($D90:$V90,1,MATCH(YEAR($C90),$D$1:$V$1,0))+12*INDEX($D90:$V90,1,MATCH(YEAR($C90)+1,$D$1:$V$1,0))+12*INDEX($D90:$V90,1,MATCH(YEAR($C90)+2,$D$1:$V$1,0))+12*INDEX($D90:$V90,1,MATCH(YEAR($C90)+3,$D$1:$V$1,0))+12*INDEX($D90:$V90,1,MATCH(YEAR($C90)+4,$D$1:$V$1,0))+(MONTH($C90)-1)*INDEX($D90:$V90,1,MATCH(YEAR($C90)+5,$D$1:$V$1,0)))/60 -> 209.66667 | Z90: =AVERAGE($Y$2:$Y$198) -> 198.26369 | AA90: 29.89 | AB90: 65 | AC90: 97.95 | AD90: 300 | AE90: =$AD90+$AA90 -> 329.89 | AF90: =$AD90+$AB90 -> 365 | AG90: =$AD90+$AC90 -> 397.95 | AH90: =(AD90-W90)/AD90 -> 0.28259259 | AI90: =INDEX($D90:$V90,MATCH(YEAR($C90),$D$1:$V$1,0)) -> 170 | AJ90: =INDEX($D90:$V90,MATCH((YEAR($C90)+1),$D$1:$V$1,0)) -> 235 | AK90: =INDEX($D90:$V90,MATCH((YEAR($C90)+2),$D$1:$V$1,0)) -> 228 | AL90: =INDEX($D90:$V90,MATCH((YEAR($C90)+3),$D$1:$V$1,0)) -> 208 | AM90: =INDEX($D90:$V90,MATCH((YEAR($C90)+4),$D$1:$V$1,0)) -> 200
A91: 0.0059 | B91: 0.0067 | C91: 44713 | K91: 164 | L91: 232 | M91: 223 | N91: 202 | O91: 194 | P91: 186 | Q91: =P91-5 -> 181 | R91: =Q91-5 -> 176 | S91: =R91-5 -> 171 | T91: =S91-5 -> 166 | W91: =((13-MONTH($C91))*INDEX($D91:$V91,1,MATCH(YEAR($C91),$D$1:$V$1,0))+12*INDEX($D91:$V91,1,MATCH(YEAR($C91)+1,$D$1:$V$1,0))+12*INDEX($D91:$V91,1,MATCH(YEAR($C91)+2,$D$1:$V$1,0))+(MONTH($C91)-1)*INDEX($D91:$V91,1,MATCH(YEAR($C91)+3,$D$1:$V$1,0)))/36 -> 211.61111 | X91: =AVERAGE($W$2:$W$198) -> 205.00794 | Y91: =((13-MONTH($C91))*INDEX($D91:$V91,1,MATCH(YEAR($C91),$D$1:$V$1,0))+12*INDEX($D91:$V91,1,MATCH(YEAR($C91)+1,$D$1:$V$1,0))+12*INDEX($D91:$V91,1,MATCH(YEAR($C91)+2,$D$1:$V$1,0))+12*INDEX($D91:$V91,1,MATCH(YEAR($C91)+3,$D$1:$V$1,0))+12*INDEX($D91:$V91,1,MATCH(YEAR($C91)+4,$D$1:$V$1,0))+(MONTH($C91)-1)*INDEX($D91:$V91,1,MATCH(YEAR($C91)+5,$D$1:$V$1,0)))/60 -> 204.83333 | Z91: =AVERAGE($Y$2:$Y$198) -> 198.26369 | AA91: 29.89 | AB91: 65 | AC91: 97.95 | AD91: 300 | AE91: =$AD91+$AA91 -> 329.89 | AF91: =$AD91+$AB91 -> 365 | AG91: =$AD91+$AC91 -> 397.95 | AH91: =(AD91-W91)/AD91 -> 0.29462963 | AI91: =INDEX($D91:$V91,MATCH(YEAR($C91),$D$1:$V$1,0)) -> 164 | AJ91: =INDEX($D91:$V91,MATCH((YEAR($C91)+1),$D$1:$V$1,0)) -> 232 | AK91: =INDEX($D91:$V91,MATCH((YEAR($C91)+2),$D$1:$V$1,0)) -> 223 | AL91: =INDEX($D91:$V91,MATCH((YEAR($C91)+3),$D$1:$V$1,0)) -> 202 | AM91: =INDEX($D91:$V91,MATCH((YEAR($C91)+4),$D$1:$V$1,0)) -> 194
A92: 0.0021 | B92: -0.0068 | C92: 44743 | K92: 97 | L92: 217 | M92: 217 | N92: 203 | O92: 195 | P92: 187 | Q92: =P92-5 -> 182 | R92: =Q92-5 -> 177 | S92: =R92-5 -> 172 | T92: =S92-5 -> 167 | W92: =((13-MONTH($C92))*INDEX($D92:$V92,1,MATCH(YEAR($C92),$D$1:$V$1,0))+12*INDEX($D92:$V92,1,MATCH(YEAR($C92)+1,$D$1:$V$1,0))+12*INDEX($D92:$V92,1,MATCH(YEAR($C92)+2,$D$1:$V$1,0))+(MONTH($C92)-1)*INDEX($D92:$V92,1,MATCH(YEAR($C92)+3,$D$1:$V$1,0)))/36 -> 194.66667 | X92: =AVERAGE($W$2:$W$198) -> 205.00794 | Y92: =((13-MONTH($C92))*INDEX($D92:$V92,1,MATCH(YEAR($C92),$D$1:$V$1,0))+12*INDEX($D92:$V92,1,MATCH(YEAR($C92)+1,$D$1:$V$1,0))+12*INDEX($D92:$V92,1,MATCH(YEAR($C92)+2,$D$1:$V$1,0))+12*INDEX($D92:$V92,1,MATCH(YEAR($C92)+3,$D$1:$V$1,0))+12*INDEX($D92:$V92,1,MATCH(YEAR($C92)+4,$D$1:$V$1,0))+(MONTH($C92)-1)*INDEX($D92:$V92,1,MATCH(YEAR($C92)+5,$D$1:$V$1,0)))/60 -> 194.8 | Z92: =AVERAGE($Y$2:$Y$198) -> 198.26369 | AA92: 29.89 | AB92: 65 | AC92: 97.95 | AD92: 300 | AE92: =$AD92+$AA92 -> 329.89 | AF92: =$AD92+$AB92 -> 365 | AG92: =$AD92+$AC92 -> 397.95 | AH92: =(AD92-W92)/AD92 -> 0.35111111 | AI92: =INDEX($D92:$V92,MATCH(YEAR($C92),$D$1:$V$1,0)) -> 97 | AJ92: =INDEX($D92:$V92,MATCH((YEAR($C92)+1),$D$1:$V$1,0)) -> 217 | AK92: =INDEX($D92:$V92,MATCH((YEAR($C92)+2),$D$1:$V$1,0)) -> 217 | AL92: =INDEX($D92:$V92,MATCH((YEAR($C92)+3),$D$1:$V$1,0)) -> 203 | AM92: =INDEX($D92:$V92,MATCH((YEAR($C92)+4),$D$1:$V$1,0)) -> 195
A93: -0.007 | B93: -0.0036 | C93: 44774 | K93: 99 | L93: 203 | M93: 208 | N93: 198 | O93: 190 | P93: 182 | Q93: =P93-5 -> 177 | R93: =Q93-5 -> 172 | S93: =R93-5 -> 167 | T93: =S93-5 -> 162 | W93: =((13-MONTH($C93))*INDEX($D93:$V93,1,MATCH(YEAR($C93),$D$1:$V$1,0))+12*INDEX($D93:$V93,1,MATCH(YEAR($C93)+1,$D$1:$V$1,0))+12*INDEX($D93:$V93,1,MATCH(YEAR($C93)+2,$D$1:$V$1,0))+(MONTH($C93)-1)*INDEX($D93:$V93,1,MATCH(YEAR($C93)+3,$D$1:$V$1,0)))/36 -> 189.25 | X93: =AVERAGE($W$2:$W$198) -> 205.00794 | Y93: =((13-MONTH($C93))*INDEX($D93:$V93,1,MATCH(YEAR($C93),$D$1:$V$1,0))+12*INDEX($D93:$V93,1,MATCH(YEAR($C93)+1,$D$1:$V$1,0))+12*INDEX($D93:$V93,1,MATCH(YEAR($C93)+2,$D$1:$V$1,0))+12*INDEX($D93:$V93,1,MATCH(YEAR($C93)+3,$D$1:$V$1,0))+12*INDEX($D93:$V93,1,MATCH(YEAR($C93)+4,$D$1:$V$1,0))+(MONTH($C93)-1)*INDEX($D93:$V93,1,MATCH(YEAR($C93)+5,$D$1:$V$1,0)))/60 -> 189.28333 | Z93: =AVERAGE($Y$2:$Y$198) -> 198.26369 | AA93: 29.89 | AB93: 65 | AC93: 97.95 | AD93: 300 | AE93: =$AD93+$AA93 -> 329.89 | AF93: =$AD93+$AB93 -> 365 | AG93: =$AD93+$AC93 -> 397.95 | AH93: =(AD93-W93)/AD93 -> 0.36916667 | AI93: =INDEX($D93:$V93,MATCH(YEAR($C93),$D$1:$V$1,0)) -> 99 | AJ93: =INDEX($D93:$V93,MATCH((YEAR($C93)+1),$D$1:$V$1,0)) -> 203 | AK93: =INDEX($D93:$V93,MATCH((YEAR($C93)+2),$D$1:$V$1,0)) -> 208 | AL93: =INDEX($D93:$V93,MATCH((YEAR($C93)+3),$D$1:$V$1,0)) -> 198 | AM93: =INDEX($D93:$V93,MATCH((YEAR($C93)+4),$D$1:$V$1,0)) -> 190
A94: -0.0095 | B94: -0.0029 | C94: 44805 | K94: 119 | L94: 197 | M94: 204 | N94: 200 | O94: 192 | P94: 184 | Q94: =P94-5 -> 179 | R94: =Q94-5 -> 174 | S94: =R94-5 -> 169 | T94: =S94-5 -> 164 | W94: =((13-MONTH($C94))*INDEX($D94:$V94,1,MATCH(YEAR($C94),$D$1:$V$1,0))+12*INDEX($D94:$V94,1,MATCH(YEAR($C94)+1,$D$1:$V$1,0))+12*INDEX($D94:$V94,1,MATCH(YEAR($C94)+2,$D$1:$V$1,0))+(MONTH($C94)-1)*INDEX($D94:$V94,1,MATCH(YEAR($C94)+3,$D$1:$V$1,0)))/36 -> 191.33333 | X94: =AVERAGE($W$2:$W$198) -> 205.00794 | Y94: =((13-MONTH($C94))*INDEX($D94:$V94,1,MATCH(YEAR($C94),$D$1:$V$1,0))+12*INDEX($D94:$V94,1,MATCH(YEAR($C94)+1,$D$1:$V$1,0))+12*INDEX($D94:$V94,1,MATCH(YEAR($C94)+2,$D$1:$V$1,0))+12*INDEX($D94:$V94,1,MATCH(YEAR($C94)+3,$D$1:$V$1,0))+12*INDEX($D94:$V94,1,MATCH(YEAR($C94)+4,$D$1:$V$1,0))+(MONTH($C94)-1)*INDEX($D94:$V94,1,MATCH(YEAR($C94)+5,$D$1:$V$1,0)))/60 -> 191.06667 | Z94: =AVERAGE($Y$2:$Y$198) -> 198.26369 | AA94: 29.89 | AB94: 65 | AC94: 97.95 | AD94: 300 | AE94: =$AD94+$AA94 -> 329.89 | AF94: =$AD94+$AB94 -> 365 | AG94: =$AD94+$AC94 -> 397.95 | AH94: =(AD94-W94)/AD94 -> 0.36222222 | AI94: =INDEX($D94:$V94,MATCH(YEAR($C94),$D$1:$V$1,0)) -> 119 | AJ94: =INDEX($D94:$V94,MATCH((YEAR($C94)+1),$D$1:$V$1,0)) -> 197 | AK94: =INDEX($D94:$V94,MATCH((YEAR($C94)+2),$D$1:$V$1,0)) -> 204 | AL94: =INDEX($D94:$V94,MATCH((YEAR($C94)+3),$D$1:$V$1,0)) -> 200 | AM94: =INDEX($D94:$V94,MATCH((YEAR($C94)+4),$D$1:$V$1,0)) -> 192
A95: -0.0097 | B95: 0.0059 | C95: 44835 | K95: 95 | L95: 165 | M95: 185 | N95: 185 | O95: 177 | P95: 175 | Q95: =P95-5 -> 170 | R95: =Q95-5 -> 165 | S95: =R95-5 -> 160 | T95: =S95-5 -> 155 | W95: =((13-MONTH($C95))*INDEX($D95:$V95,1,MATCH(YEAR($C95),$D$1:$V$1,0))+12*INDEX($D95:$V95,1,MATCH(YEAR($C95)+1,$D$1:$V$1,0))+12*INDEX($D95:$V95,1,MATCH(YEAR($C95)+2,$D$1:$V$1,0))+(MONTH($C95)-1)*INDEX($D95:$V95,1,MATCH(YEAR($C95)+3,$D$1:$V$1,0)))/36 -> 170.83333 | X95: =AVERAGE($W$2:$W$198) -> 205.00794 | Y95: =((13-MONTH($C95))*INDEX($D95:$V95,1,MATCH(YEAR($C95),$D$1:$V$1,0))+12*INDEX($D95:$V95,1,MATCH(YEAR($C95)+1,$D$1:$V$1,0))+12*INDEX($D95:$V95,1,MATCH(YEAR($C95)+2,$D$1:$V$1,0))+12*INDEX($D95:$V95,1,MATCH(YEAR($C95)+3,$D$1:$V$1,0))+12*INDEX($D95:$V95,1,MATCH(YEAR($C95)+4,$D$1:$V$1,0))+(MONTH($C95)-1)*INDEX($D95:$V95,1,MATCH(YEAR($C95)+5,$D$1:$V$1,0)))/60 -> 173.4 | Z95: =AVERAGE($Y$2:$Y$198) -> 198.26369 | AA95: 29.89 | AB95: 65 | AC95: 97.95 | AD95: 300 | AE95: =$AD95+$AA95 -> 329.89 | AF95: =$AD95+$AB95 -> 365 | AG95: =$AD95+$AC95 -> 397.95 | AH95: =(AD95-W95)/AD95 -> 0.43055556 | AI95: =INDEX($D95:$V95,MATCH(YEAR($C95),$D$1:$V$1,0)) -> 95 | AJ95: =INDEX($D95:$V95,MATCH((YEAR($C95)+1),$D$1:$V$1,0)) -> 165 | AK95: =INDEX($D95:$V95,MATCH((YEAR($C95)+2),$D$1:$V$1,0)) -> 185 | AL95: =INDEX($D95:$V95,MATCH((YEAR($C95)+3),$D$1:$V$1,0)) -> 185 | AM95: =INDEX($D95:$V95,MATCH((YEAR($C95)+4),$D$1:$V$1,0)) -> 177
A96: -0.0056 | B96: 0.0041 | C96: 44866 | K96: 90 | L96: 121 | M96: 163 | N96: 173 | O96: 165 | P96: 175 | Q96: =P96-5 -> 170 | R96: =Q96-5 -> 165 | S96: =R96-5 -> 160 | T96: =S96-5 -> 155 | W96: =((13-MONTH($C96))*INDEX($D96:$V96,1,MATCH(YEAR($C96),$D$1:$V$1,0))+12*INDEX($D96:$V96,1,MATCH(YEAR($C96)+1,$D$1:$V$1,0))+12*INDEX($D96:$V96,1,MATCH(YEAR($C96)+2,$D$1:$V$1,0))+(MONTH($C96)-1)*INDEX($D96:$V96,1,MATCH(YEAR($C96)+3,$D$1:$V$1,0)))/36 -> 147.72222 | X96: =AVERAGE($W$2:$W$198) -> 205.00794 | Y96: =((13-MONTH($C96))*INDEX($D96:$V96,1,MATCH(YEAR($C96),$D$1:$V$1,0))+12*INDEX($D96:$V96,1,MATCH(YEAR($C96)+1,$D$1:$V$1,0))+12*INDEX($D96:$V96,1,MATCH(YEAR($C96)+2,$D$1:$V$1,0))+12*INDEX($D96:$V96,1,MATCH(YEAR($C96)+3,$D$1:$V$1,0))+12*INDEX($D96:$V96,1,MATCH(YEAR($C96)+4,$D$1:$V$1,0))+(MONTH($C96)-1)*INDEX($D96:$V96,1,MATCH(YEAR($C96)+5,$D$1:$V$1,0)))/60 -> 156.56667 | Z96: =AVERAGE($Y$2:$Y$198) -> 198.26369 | AA96: 29.89 | AB96: 65 | AC96: 97.95 | AD96: 300 | AE96: =$AD96+$AA96 -> 329.89 | AF96: =$AD96+$AB96 -> 365 | AG96: =$AD96+$AC96 -> 397.95 | AH96: =(AD96-W96)/AD96 -> 0.50759259 | AI96: =INDEX($D96:$V96,MATCH(YEAR($C96),$D$1:$V$1,0)) -> 90 | AJ96: =INDEX($D96:$V96,MATCH((YEAR($C96)+1),$D$1:$V$1,0)) -> 121 | AK96: =INDEX($D96:$V96,MATCH((YEAR($C96)+2),$D$1:$V$1,0)) -> 163 | AL96: =INDEX($D96:$V96,MATCH((YEAR($C96)+3),$D$1:$V$1,0)) -> 173 | AM96: =INDEX($D96:$V96,MATCH((YEAR($C96)+4),$D$1:$V$1,0)) -> 165
A97: 0.0045 | B97: 0.0062 | C97: 44896 | K97: 91 | L97: 118 | M97: 158 | N97: 170 | O97: 162 | P97: 175 | Q97: =P97-5 -> 170 | R97: =Q97-5 -> 165 | S97: =R97-5 -> 160 | T97: =S97-5 -> 155 | W97: =((13-MONTH($C97))*INDEX($D97:$V97,1,MATCH(YEAR($C97),$D$1:$V$1,0))+12*INDEX($D97:$V97,1,MATCH(YEAR($C97)+1,$D$1:$V$1,0))+12*INDEX($D97:$V97,1,MATCH(YEAR($C97)+2,$D$1:$V$1,0))+(MONTH($C97)-1)*INDEX($D97:$V97,1,MATCH(YEAR($C97)+3,$D$1:$V$1,0)))/36 -> 146.47222 | X97: =AVERAGE($W$2:$W$198) -> 205.00794 | Y97: =((13-MONTH($C97))*INDEX($D97:$V97,1,MATCH(YEAR($C97),$D$1:$V$1,0))+12*INDEX($D97:$V97,1,MATCH(YEAR($C97)+1,$D$1:$V$1,0))+12*INDEX($D97:$V97,1,MATCH(YEAR($C97)+2,$D$1:$V$1,0))+12*INDEX($D97:$V97,1,MATCH(YEAR($C97)+3,$D$1:$V$1,0))+12*INDEX($D97:$V97,1,MATCH(YEAR($C97)+4,$D$1:$V$1,0))+(MONTH($C97)-1)*INDEX($D97:$V97,1,MATCH(YEAR($C97)+5,$D$1:$V$1,0)))/60 -> 155.2 | Z97: =AVERAGE($Y$2:$Y$198) -> 198.26369 | AA97: 29.89 | AB97: 65 | AC97: 97.95 | AD97: 300 | AE97: =$AD97+$AA97 -> 329.89 | AF97: =$AD97+$AB97 -> 365 | AG97: =$AD97+$AC97 -> 397.95 | AH97: =(AD97-W97)/AD97 -> 0.51175926 | AI97: =INDEX($D97:$V97,MATCH(YEAR($C97),$D$1:$V$1,0)) -> 91 | AJ97: =INDEX($D97:$V97,MATCH((YEAR($C97)+1),$D$1:$V$1,0)) -> 118 | AK97: =INDEX($D97:$V97,MATCH((YEAR($C97)+2),$D$1:$V$1,0)) -> 158 | AL97: =INDEX($D97:$V97,MATCH((YEAR($C97)+3),$D$1:$V$1,0)) -> 170 | AM97: =INDEX($D97:$V97,MATCH((YEAR($C97)+4),$D$1:$V$1,0)) -> 162
A98: 0.0021 | B98: 0.0053 | C98: 44927 | L98: 108 | M98: 130 | N98: 145 | O98: 158 | P98: 179 | Q98: =P98-5 -> 174 | R98: =Q98-5 -> 169 | S98: =R98-5 -> 164 | T98: =S98-5 -> 159 | W98: =((13-MONTH($C98))*INDEX($D98:$V98,1,MATCH(YEAR($C98),$D$1:$V$1,0))+12*INDEX($D98:$V98,1,MATCH(YEAR($C98)+1,$D$1:$V$1,0))+12*INDEX($D98:$V98,1,MATCH(YEAR($C98)+2,$D$1:$V$1,0))+(MONTH($C98)-1)*INDEX($D98:$V98,1,MATCH(YEAR($C98)+3,$D$1:$V$1,0)))/36 -> 127.66667 | X98: =AVERAGE($W$2:$W$198) -> 205.00794 | Y98: =((13-MONTH($C98))*INDEX($D98:$V98,1,MATCH(YEAR($C98),$D$1:$V$1,0))+12*INDEX($D98:$V98,1,MATCH(YEAR($C98)+1,$D$1:$V$1,0))+12*INDEX($D98:$V98,1,MATCH(YEAR($C98)+2,$D$1:$V$1,0))+12*INDEX($D98:$V98,1,MATCH(YEAR($C98)+3,$D$1:$V$1,0))+12*INDEX($D98:$V98,1,MATCH(YEAR($C98)+4,$D$1:$V$1,0))+(MONTH($C98)-1)*INDEX($D98:$V98,1,MATCH(YEAR($C98)+5,$D$1:$V$1,0)))/60 -> 144 | Z98: =AVERAGE($Y$2:$Y$198) -> 198.26369 | AA98: 29.89 | AB98: 65 | AC98: 97.95 | AD98: 330 | AE98: =$AD98+$AA98 -> 359.89 | AF98: =$AD98+$AB98 -> 395 | AG98: =$AD98+$AC98 -> 427.95 | AH98: =(AD98-W98)/AD98 -> 0.61313131 | AI98: =INDEX($D98:$V98,MATCH(YEAR($C98),$D$1:$V$1,0)) -> 108 | AJ98: =INDEX($D98:$V98,MATCH((YEAR($C98)+1),$D$1:$V$1,0)) -> 130 | AK98: =INDEX($D98:$V98,MATCH((YEAR($C98)+2),$D$1:$V$1,0)) -> 145 | AL98: =INDEX($D98:$V98,MATCH((YEAR($C98)+3),$D$1:$V$1,0)) -> 158 | AM98: =INDEX($D98:$V98,MATCH((YEAR($C98)+4),$D$1:$V$1,0)) -> 179
A99: -0.0006 | B99: 0.0084 | C99: 44958 | L99: 107 | M99: 121 | N99: 134 | O99: 145 | P99: 179 | Q99: 178 | R99: =Q99-5 -> 173 | S99: =R99-5 -> 168 | T99: =S99-5 -> 163 | W99: =((13-MONTH($C99))*INDEX($D99:$V99,1,MATCH(YEAR($C99),$D$1:$V$1,0))+12*INDEX($D99:$V99,1,MATCH(YEAR($C99)+1,$D$1:$V$1,0))+12*INDEX($D99:$V99,1,MATCH(YEAR($C99)+2,$D$1:$V$1,0))+(MONTH($C99)-1)*INDEX($D99:$V99,1,MATCH(YEAR($C99)+3,$D$1:$V$1,0)))/36 -> 121.72222 | X99: =AVERAGE($W$2:$W$198) -> 205.00794 | Y99: =((13-MONTH($C99))*INDEX($D99:$V99,1,MATCH(YEAR($C99),$D$1:$V$1,0))+12*INDEX($D99:$V99,1,MATCH(YEAR($C99)+1,$D$1:$V$1,0))+12*INDEX($D99:$V99,1,MATCH(YEAR($C99)+2,$D$1:$V$1,0))+12*INDEX($D99:$V99,1,MATCH(YEAR($C99)+3,$D$1:$V$1,0))+12*INDEX($D99:$V99,1,MATCH(YEAR($C99)+4,$D$1:$V$1,0))+(MONTH($C99)-1)*INDEX($D99:$V99,1,MATCH(YEAR($C99)+5,$D$1:$V$1,0)))/60 -> 138.38333 | Z99: =AVERAGE($Y$2:$Y$198) -> 198.26369 | AA99: 29.89 | AB99: 65 | AC99: 97.95 | AD99: 330 | AE99: =$AD99+$AA99 -> 359.89 | AF99: =$AD99+$AB99 -> 395 | AG99: =$AD99+$AC99 -> 427.95 | AH99: =(AD99-W99)/AD99 -> 0.63114478 | AI99: =INDEX($D99:$V99,MATCH(YEAR($C99),$D$1:$V$1,0)) -> 107 | AJ99: =INDEX($D99:$V99,MATCH((YEAR($C99)+1),$D$1:$V$1,0)) -> 121 | AK99: =INDEX($D99:$V99,MATCH((YEAR($C99)+2),$D$1:$V$1,0)) -> 134 | AL99: =INDEX($D99:$V99,MATCH((YEAR($C99)+3),$D$1:$V$1,0)) -> 145 | AM99: =INDEX($D99:$V99,MATCH((YEAR($C99)+4),$D$1:$V$1,0)) -> 179
A100: 0.0005 | B100: 0.0071 | C100: 44986 | L100: 103 | M100: 116 | N100: 130 | O100: 137 | P100: 159 | Q100: 171 | R100: =Q100-5 -> 166 | S100: =R100-5 -> 161 | T100: =S100-5 -> 156 | W100: =((13-MONTH($C100))*INDEX($D100:$V100,1,MATCH(YEAR($C100),$D$1:$V$1,0))+12*INDEX($D100:$V100,1,MATCH(YEAR($C100)+1,$D$1:$V$1,0))+12*INDEX($D100:$V100,1,MATCH(YEAR($C100)+2,$D$1:$V$1,0))+(MONTH($C100)-1)*INDEX($D100:$V100,1,MATCH(YEAR($C100)+3,$D$1:$V$1,0)))/36 -> 118.22222 | X100: =AVERAGE($W$2:$W$198) -> 205.00794 | Y100: =((13-MONTH($C100))*INDEX($D100:$V100,1,MATCH(YEAR($C100),$D$1:$V$1,0))+12*INDEX($D100:$V100,1,MATCH(YEAR($C100)+1,$D$1:$V$1,0))+12*INDEX($D100:$V100,1,MATCH(YEAR($C100)+2,$D$1:$V$1,0))+12*INDEX($D100:$V100,1,MATCH(YEAR($C100)+3,$D$1:$V$1,0))+12*INDEX($D100:$V100,1,MATCH(YEAR($C100)+4,$D$1:$V$1,0))+(MONTH($C100)-1)*INDEX($D100:$V100,1,MATCH(YEAR($C100)+5,$D$1:$V$1,0)))/60 -> 131.26667 | Z100: =AVERAGE($Y$2:$Y$198) -> 198.26369 | AA100: 29.89 | AB100: 65 | AC100: 97.95 | AD100: 330 | AE100: =$AD100+$AA100 -> 359.89 | AF100: =$AD100+$AB100 -> 395 | AG100: =$AD100+$AC100 -> 427.95 | AH100: =(AD100-W100)/AD100 -> 0.64175084 | AI100: =INDEX($D100:$V100,MATCH(YEAR($C100),$D$1:$V$1,0)) -> 103 | AJ100: =INDEX($D100:$V100,MATCH((YEAR($C100)+1),$D$1:$V$1,0)) -> 116 | AK100: =INDEX($D100:$V100,MATCH((YEAR($C100)+2),$D$1:$V$1,0)) -> 130 | AL100: =INDEX($D100:$V100,MATCH((YEAR($C100)+3),$D$1:$V$1,0)) -> 137 | AM100: =INDEX($D100:$V100,MATCH((YEAR($C100)+4),$D$1:$V$1,0)) -> 159
A101: -0.0095 | B101: 0.0057 | C101: 45017 | L101: 101 | M101: 103 | N101: 115 | O101: 128 | P101: 149 | Q101: 165 | R101: =Q101-2 -> 163 | S101: =R101-2 -> 161 | T101: =S101-2 -> 159 | W101: =((13-MONTH($C101))*INDEX($D101:$V101,1,MATCH(YEAR($C101),$D$1:$V$1,0))+12*INDEX($D101:$V101,1,MATCH(YEAR($C101)+1,$D$1:$V$1,0))+12*INDEX($D101:$V101,1,MATCH(YEAR($C101)+2,$D$1:$V$1,0))+(MONTH($C101)-1)*INDEX($D101:$V101,1,MATCH(YEAR($C101)+3,$D$1:$V$1,0)))/36 -> 108.58333 | X101: =AVERAGE($W$2:$W$198) -> 205.00794 | Y101: =((13-MONTH($C101))*INDEX($D101:$V101,1,MATCH(YEAR($C101),$D$1:$V$1,0))+12*INDEX($D101:$V101,1,MATCH(YEAR($C101)+1,$D$1:$V$1,0))+12*INDEX($D101:$V101,1,MATCH(YEAR($C101)+2,$D$1:$V$1,0))+12*INDEX($D101:$V101,1,MATCH(YEAR($C101)+3,$D$1:$V$1,0))+12*INDEX($D101:$V101,1,MATCH(YEAR($C101)+4,$D$1:$V$1,0))+(MONTH($C101)-1)*INDEX($D101:$V101,1,MATCH(YEAR($C101)+5,$D$1:$V$1,0)))/60 -> 122.4 | Z101: =AVERAGE($Y$2:$Y$198) -> 198.26369 | AA101: 29.89 | AB101: 65 | AC101: 97.95 | AD101: 330 | AE101: =$AD101+$AA101 -> 359.89 | AF101: =$AD101+$AB101 -> 395 | AG101: =$AD101+$AC101 -> 427.95 | AH101: =(AD101-W101)/AD101 -> 0.6709596 | AI101: =INDEX($D101:$V101,MATCH(YEAR($C101),$D$1:$V$1,0)) -> 101 | AJ101: =INDEX($D101:$V101,MATCH((YEAR($C101)+1),$D$1:$V$1,0)) -> 103 | AK101: =INDEX($D101:$V101,MATCH((YEAR($C101)+2),$D$1:$V$1,0)) -> 115 | AL101: =INDEX($D101:$V101,MATCH((YEAR($C101)+3),$D$1:$V$1,0)) -> 128 | AM101: =INDEX($D101:$V101,MATCH((YEAR($C101)+4),$D$1:$V$1,0)) -> 149
A102: -0.0184 | B102: 0.0023 | C102: 45047 | L102: 105 | M102: 106 | N102: 119 | O102: 130 | P102: 145 | Q102: 160 | R102: =Q102-2 -> 158 | S102: =R102-2 -> 156 | T102: =S102-2 -> 154 | W102: =((13-MONTH($C102))*INDEX($D102:$V102,1,MATCH(YEAR($C102),$D$1:$V$1,0))+12*INDEX($D102:$V102,1,MATCH(YEAR($C102)+1,$D$1:$V$1,0))+12*INDEX($D102:$V102,1,MATCH(YEAR($C102)+2,$D$1:$V$1,0))+(MONTH($C102)-1)*INDEX($D102:$V102,1,MATCH(YEAR($C102)+3,$D$1:$V$1,0)))/36 -> 112.77778 | X102: =AVERAGE($W$2:$W$198) -> 205.00794 | Y102: =((13-MONTH($C102))*INDEX($D102:$V102,1,MATCH(YEAR($C102),$D$1:$V$1,0))+12*INDEX($D102:$V102,1,MATCH(YEAR($C102)+1,$D$1:$V$1,0))+12*INDEX($D102:$V102,1,MATCH(YEAR($C102)+2,$D$1:$V$1,0))+12*INDEX($D102:$V102,1,MATCH(YEAR($C102)+3,$D$1:$V$1,0))+12*INDEX($D102:$V102,1,MATCH(YEAR($C102)+4,$D$1:$V$1,0))+(MONTH($C102)-1)*INDEX($D102:$V102,1,MATCH(YEAR($C102)+5,$D$1:$V$1,0)))/60 -> 124.66667 | Z102: =AVERAGE($Y$2:$Y$198) -> 198.26369 | AA102: 29.89 | AB102: 65 | AC102: 97.95 | AD102: 330 | AE102: =$AD102+$AA102 -> 359.89 | AF102: =$AD102+$AB102 -> 395 | AG102: =$AD102+$AC102 -> 427.95 | AH102: =(AD102-W102)/AD102 -> 0.65824916 | AI102: =INDEX($D102:$V102,MATCH(YEAR($C102),$D$1:$V$1,0)) -> 105 | AJ102: =INDEX($D102:$V102,MATCH((YEAR($C102)+1),$D$1:$V$1,0)) -> 106 | AK102: =INDEX($D102:$V102,MATCH((YEAR($C102)+2),$D$1:$V$1,0)) -> 119 | AL102: =INDEX($D102:$V102,MATCH((YEAR($C102)+3),$D$1:$V$1,0)) -> 130 | AM102: =INDEX($D102:$V102,MATCH((YEAR($C102)+4),$D$1:$V$1,0)) -> 145
A103: -0.0193 | B103: -0.0008 | C103: 45078 | L103: 105 | M103: 107 | N103: 121 | O103: 131 | P103: 139 | Q103: 156 | R103: =Q103-2 -> 154 | S103: =R103-2 -> 152 | T103: =S103-2 -> 150 | W103: =((13-MONTH($C103))*INDEX($D103:$V103,1,MATCH(YEAR($C103),$D$1:$V$1,0))+12*INDEX($D103:$V103,1,MATCH(YEAR($C103)+1,$D$1:$V$1,0))+12*INDEX($D103:$V103,1,MATCH(YEAR($C103)+2,$D$1:$V$1,0))+(MONTH($C103)-1)*INDEX($D103:$V103,1,MATCH(YEAR($C103)+3,$D$1:$V$1,0)))/36 -> 114.61111 | X103: =AVERAGE($W$2:$W$198) -> 205.00794 | Y103: =((13-MONTH($C103))*INDEX($D103:$V103,1,MATCH(YEAR($C103),$D$1:$V$1,0))+12*INDEX($D103:$V103,1,MATCH(YEAR($C103)+1,$D$1:$V$1,0))+12*INDEX($D103:$V103,1,MATCH(YEAR($C103)+2,$D$1:$V$1,0))+12*INDEX($D103:$V103,1,MATCH(YEAR($C103)+3,$D$1:$V$1,0))+12*INDEX($D103:$V103,1,MATCH(YEAR($C103)+4,$D$1:$V$1,0))+(MONTH($C103)-1)*INDEX($D103:$V103,1,MATCH(YEAR($C103)+5,$D$1:$V$1,0)))/60 -> 124.85 | Z103: =AVERAGE($Y$2:$Y$198) -> 198.26369 | AA103: 29.89 | AB103: 65 | AC103: 97.95 | AD103: 330 | AE103: =$AD103+$AA103 -> 359.89 | AF103: =$AD103+$AB103 -> 395 | AG103: =$AD103+$AC103 -> 427.95 | AH103: =(AD103-W103)/AD103 -> 0.6526936 | AI103: =INDEX($D103:$V103,MATCH(YEAR($C103),$D$1:$V$1,0)) -> 105 | AJ103: =INDEX($D103:$V103,MATCH((YEAR($C103)+1),$D$1:$V$1,0)) -> 107 | AK103: =INDEX($D103:$V103,MATCH((YEAR($C103)+2),$D$1:$V$1,0)) -> 121 | AL103: =INDEX($D103:$V103,MATCH((YEAR($C103)+3),$D$1:$V$1,0)) -> 131 | AM103: =INDEX($D103:$V103,MATCH((YEAR($C103)+4),$D$1:$V$1,0)) -> 139
A104: -0.0072 | B104: 0.0012 | C104: 45108 | L104: 108 | M104: 110 | N104: 123 | O104: 130 | P104: 139 | Q104: 152 | R104: =Q104-2 -> 150 | S104: =R104-2 -> 148 | T104: =S104-2 -> 146 | W104: =((13-MONTH($C104))*INDEX($D104:$V104,1,MATCH(YEAR($C104),$D$1:$V$1,0))+12*INDEX($D104:$V104,1,MATCH(YEAR($C104)+1,$D$1:$V$1,0))+12*INDEX($D104:$V104,1,MATCH(YEAR($C104)+2,$D$1:$V$1,0))+(MONTH($C104)-1)*INDEX($D104:$V104,1,MATCH(YEAR($C104)+3,$D$1:$V$1,0)))/36 -> 117.33333 | X104: =AVERAGE($W$2:$W$198) -> 205.00794 | Y104: =((13-MONTH($C104))*INDEX($D104:$V104,1,MATCH(YEAR($C104),$D$1:$V$1,0))+12*INDEX($D104:$V104,1,MATCH(YEAR($C104)+1,$D$1:$V$1,0))+12*INDEX($D104:$V104,1,MATCH(YEAR($C104)+2,$D$1:$V$1,0))+12*INDEX($D104:$V104,1,MATCH(YEAR($C104)+3,$D$1:$V$1,0))+12*INDEX($D104:$V104,1,MATCH(YEAR($C104)+4,$D$1:$V$1,0))+(MONTH($C104)-1)*INDEX($D104:$V104,1,MATCH(YEAR($C104)+5,$D$1:$V$1,0)))/60 -> 126.4 | Z104: =AVERAGE($Y$2:$Y$198) -> 198.26369 | AA104: 29.89 | AB104: 65 | AC104: 97.95 | AD104: 330 | AE104: =$AD104+$AA104 -> 359.89 | AF104: =$AD104+$AB104 -> 395 | AG104: =$AD104+$AC104 -> 427.95 | AH104: =(AD104-W104)/AD104 -> 0.64444444 | AI104: =INDEX($D104:$V104,MATCH(YEAR($C104),$D$1:$V$1,0)) -> 108 | AJ104: =INDEX($D104:$V104,MATCH((YEAR($C104)+1),$D$1:$V$1,0)) -> 110 | AK104: =INDEX($D104:$V104,MATCH((YEAR($C104)+2),$D$1:$V$1,0)) -> 123 | AL104: =INDEX($D104:$V104,MATCH((YEAR($C104)+3),$D$1:$V$1,0)) -> 130 | AM104: =INDEX($D104:$V104,MATCH((YEAR($C104)+4),$D$1:$V$1,0)) -> 139
A105: -0.0014 | B105: 0.0029 | C105: 45139 | L105: 111 | M105: 107 | N105: 122 | O105: 130 | P105: 139 | Q105: 152 | R105: =Q105-2 -> 150 | S105: =R105-2 -> 148 | T105: =S105-2 -> 146 | W105: =((13-MONTH($C105))*INDEX($D105:$V105,1,MATCH(YEAR($C105),$D$1:$V$1,0))+12*INDEX($D105:$V105,1,MATCH(YEAR($C105)+1,$D$1:$V$1,0))+12*INDEX($D105:$V105,1,MATCH(YEAR($C105)+2,$D$1:$V$1,0))+(MONTH($C105)-1)*INDEX($D105:$V105,1,MATCH(YEAR($C105)+3,$D$1:$V$1,0)))/36 -> 117.02778 | X105: =AVERAGE($W$2:$W$198) -> 205.00794 | Y105: =((13-MONTH($C105))*INDEX($D105:$V105,1,MATCH(YEAR($C105),$D$1:$V$1,0))+12*INDEX($D105:$V105,1,MATCH(YEAR($C105)+1,$D$1:$V$1,0))+12*INDEX($D105:$V105,1,MATCH(YEAR($C105)+2,$D$1:$V$1,0))+12*INDEX($D105:$V105,1,MATCH(YEAR($C105)+3,$D$1:$V$1,0))+12*INDEX($D105:$V105,1,MATCH(YEAR($C105)+4,$D$1:$V$1,0))+(MONTH($C105)-1)*INDEX($D105:$V105,1,MATCH(YEAR($C105)+5,$D$1:$V$1,0)))/60 -> 126.58333 | Z105: =AVERAGE($Y$2:$Y$198) -> 198.26369 | AA105: 29.89 | AB105: 65 | AC105: 97.95 | AD105: 330 | AE105: =$AD105+$AA105 -> 359.89 | AF105: =$AD105+$AB105 -> 395 | AG105: =$AD105+$AC105 -> 427.95 | AH105: =(AD105-W105)/AD105 -> 0.64537037 | AI105: =INDEX($D105:$V105,MATCH(YEAR($C105),$D$1:$V$1,0)) -> 111 | AJ105: =INDEX($D105:$V105,MATCH((YEAR($C105)+1),$D$1:$V$1,0)) -> 107 | AK105: =INDEX($D105:$V105,MATCH((YEAR($C105)+2),$D$1:$V$1,0)) -> 122 | AL105: =INDEX($D105:$V105,MATCH((YEAR($C105)+3),$D$1:$V$1,0)) -> 130 | AM105: =INDEX($D105:$V105,MATCH((YEAR($C105)+4),$D$1:$V$1,0)) -> 139
A106: 0.0037 | B106: 0.0026 | C106: 45170 | L106: 108 | M106: 103 | N106: 116 | O106: 125 | P106: 139 | Q106: 152 | R106: =Q106-2 -> 150 | S106: =R106-2 -> 148 | T106: =S106-2 -> 146 | W106: =((13-MONTH($C106))*INDEX($D106:$V106,1,MATCH(YEAR($C106),$D$1:$V$1,0))+12*INDEX($D106:$V106,1,MATCH(YEAR($C106)+1,$D$1:$V$1,0))+12*INDEX($D106:$V106,1,MATCH(YEAR($C106)+2,$D$1:$V$1,0))+(MONTH($C106)-1)*INDEX($D106:$V106,1,MATCH(YEAR($C106)+3,$D$1:$V$1,0)))/36 -> 112.77778 | X106: =AVERAGE($W$2:$W$198) -> 205.00794 | Y106: =((13-MONTH($C106))*INDEX($D106:$V106,1,MATCH(YEAR($C106),$D$1:$V$1,0))+12*INDEX($D106:$V106,1,MATCH(YEAR($C106)+1,$D$1:$V$1,0))+12*INDEX($D106:$V106,1,MATCH(YEAR($C106)+2,$D$1:$V$1,0))+12*INDEX($D106:$V106,1,MATCH(YEAR($C106)+3,$D$1:$V$1,0))+12*INDEX($D106:$V106,1,MATCH(YEAR($C106)+4,$D$1:$V$1,0))+(MONTH($C106)-1)*INDEX($D106:$V106,1,MATCH(YEAR($C106)+5,$D$1:$V$1,0)))/60 -> 124.06667 | Z106: =AVERAGE($Y$2:$Y$198) -> 198.26369 | AA106: 29.89 | AB106: 65 | AC106: 97.95 | AD106: 330 | AE106: =$AD106+$AA106 -> 359.89 | AF106: =$AD106+$AB106 -> 395 | AG106: =$AD106+$AC106 -> 427.95 | AH106: =(AD106-W106)/AD106 -> 0.65824916 | AI106: =INDEX($D106:$V106,MATCH(YEAR($C106),$D$1:$V$1,0)) -> 108 | AJ106: =INDEX($D106:$V106,MATCH((YEAR($C106)+1),$D$1:$V$1,0)) -> 103 | AK106: =INDEX($D106:$V106,MATCH((YEAR($C106)+2),$D$1:$V$1,0)) -> 116 | AL106: =INDEX($D106:$V106,MATCH((YEAR($C106)+3),$D$1:$V$1,0)) -> 125 | AM106: =INDEX($D106:$V106,MATCH((YEAR($C106)+4),$D$1:$V$1,0)) -> 139
A107: 0.005 | B107: 0.0024 | C107: 45200 | L107: 110 | M107: 104 | N107: 120 | O107: 130 | P107: 137 | Q107: 150 | R107: =Q107-2 -> 148 | S107: =R107-2 -> 146 | T107: =S107-2 -> 144 | W107: =((13-MONTH($C107))*INDEX($D107:$V107,1,MATCH(YEAR($C107),$D$1:$V$1,0))+12*INDEX($D107:$V107,1,MATCH(YEAR($C107)+1,$D$1:$V$1,0))+12*INDEX($D107:$V107,1,MATCH(YEAR($C107)+2,$D$1:$V$1,0))+(MONTH($C107)-1)*INDEX($D107:$V107,1,MATCH(YEAR($C107)+3,$D$1:$V$1,0)))/36 -> 116.33333 | X107: =AVERAGE($W$2:$W$198) -> 205.00794 | Y107: =((13-MONTH($C107))*INDEX($D107:$V107,1,MATCH(YEAR($C107),$D$1:$V$1,0))+12*INDEX($D107:$V107,1,MATCH(YEAR($C107)+1,$D$1:$V$1,0))+12*INDEX($D107:$V107,1,MATCH(YEAR($C107)+2,$D$1:$V$1,0))+12*INDEX($D107:$V107,1,MATCH(YEAR($C107)+3,$D$1:$V$1,0))+12*INDEX($D107:$V107,1,MATCH(YEAR($C107)+4,$D$1:$V$1,0))+(MONTH($C107)-1)*INDEX($D107:$V107,1,MATCH(YEAR($C107)+5,$D$1:$V$1,0)))/60 -> 126.2 | Z107: =AVERAGE($Y$2:$Y$198) -> 198.26369 | AA107: 29.89 | AB107: 65 | AC107: 97.95 | AD107: 330 | AE107: =$AD107+$AA107 -> 359.89 | AF107: =$AD107+$AB107 -> 395 | AG107: =$AD107+$AC107 -> 427.95 | AH107: =(AD107-W107)/AD107 -> 0.64747475 | AI107: =INDEX($D107:$V107,MATCH(YEAR($C107),$D$1:$V$1,0)) -> 110 | AJ107: =INDEX($D107:$V107,MATCH((YEAR($C107)+1),$D$1:$V$1,0)) -> 104 | AK107: =INDEX($D107:$V107,MATCH((YEAR($C107)+2),$D$1:$V$1,0)) -> 120 | AL107: =INDEX($D107:$V107,MATCH((YEAR($C107)+3),$D$1:$V$1,0)) -> 130 | AM107: =INDEX($D107:$V107,MATCH((YEAR($C107)+4),$D$1:$V$1,0)) -> 137
A108: 0.0059 | B108: 0.0028 | C108: 45231 | L108: 110 | M108: 117 | N108: 129 | O108: 139 | P108: 137 | Q108: 150 | R108: =Q108-2 -> 148 | S108: =R108-2 -> 146 | T108: =S108-2 -> 144 | W108: =((13-MONTH($C108))*INDEX($D108:$V108,1,MATCH(YEAR($C108),$D$1:$V$1,0))+12*INDEX($D108:$V108,1,MATCH(YEAR($C108)+1,$D$1:$V$1,0))+12*INDEX($D108:$V108,1,MATCH(YEAR($C108)+2,$D$1:$V$1,0))+(MONTH($C108)-1)*INDEX($D108:$V108,1,MATCH(YEAR($C108)+3,$D$1:$V$1,0)))/36 -> 126.72222 | X108: =AVERAGE($W$2:$W$198) -> 205.00794 | Y108: =((13-MONTH($C108))*INDEX($D108:$V108,1,MATCH(YEAR($C108),$D$1:$V$1,0))+12*INDEX($D108:$V108,1,MATCH(YEAR($C108)+1,$D$1:$V$1,0))+12*INDEX($D108:$V108,1,MATCH(YEAR($C108)+2,$D$1:$V$1,0))+12*INDEX($D108:$V108,1,MATCH(YEAR($C108)+3,$D$1:$V$1,0))+12*INDEX($D108:$V108,1,MATCH(YEAR($C108)+4,$D$1:$V$1,0))+(MONTH($C108)-1)*INDEX($D108:$V108,1,MATCH(YEAR($C108)+5,$D$1:$V$1,0)))/60 -> 133.06667 | Z108: =AVERAGE($Y$2:$Y$198) -> 198.26369 | AA108: 29.89 | AB108: 65 | AC108: 97.95 | AD108: 330 | AE108: =$AD108+$AA108 -> 359.89 | AF108: =$AD108+$AB108 -> 395 | AG108: =$AD108+$AC108 -> 427.95 | AH108: =(AD108-W108)/AD108 -> 0.61599327 | AI108: =INDEX($D108:$V108,MATCH(YEAR($C108),$D$1:$V$1,0)) -> 110 | AJ108: =INDEX($D108:$V108,MATCH((YEAR($C108)+1),$D$1:$V$1,0)) -> 117 | AK108: =INDEX($D108:$V108,MATCH((YEAR($C108)+2),$D$1:$V$1,0)) -> 129 | AL108: =INDEX($D108:$V108,MATCH((YEAR($C108)+3),$D$1:$V$1,0)) -> 139 | AM108: =INDEX($D108:$V108,MATCH((YEAR($C108)+4),$D$1:$V$1,0)) -> 137
A109: 0.0074 | B109: 0.0028 | C109: 45261 | L109: 111 | M109: 116 | N109: 144 | O109: 154 | P109: 153 | Q109: 161 | R109: =Q109-2 -> 159 | S109: =R109-2 -> 157 | T109: =S109-2 -> 155 | W109: =((13-MONTH($C109))*INDEX($D109:$V109,1,MATCH(YEAR($C109),$D$1:$V$1,0))+12*INDEX($D109:$V109,1,MATCH(YEAR($C109)+1,$D$1:$V$1,0))+12*INDEX($D109:$V109,1,MATCH(YEAR($C109)+2,$D$1:$V$1,0))+(MONTH($C109)-1)*INDEX($D109:$V109,1,MATCH(YEAR($C109)+3,$D$1:$V$1,0)))/36 -> 136.80556 | X109: =AVERAGE($W$2:$W$198) -> 205.00794 | Y109: =((13-MONTH($C109))*INDEX($D109:$V109,1,MATCH(YEAR($C109),$D$1:$V$1,0))+12*INDEX($D109:$V109,1,MATCH(YEAR($C109)+1,$D$1:$V$1,0))+12*INDEX($D109:$V109,1,MATCH(YEAR($C109)+2,$D$1:$V$1,0))+12*INDEX($D109:$V109,1,MATCH(YEAR($C109)+3,$D$1:$V$1,0))+12*INDEX($D109:$V109,1,MATCH(YEAR($C109)+4,$D$1:$V$1,0))+(MONTH($C109)-1)*INDEX($D109:$V109,1,MATCH(YEAR($C109)+5,$D$1:$V$1,0)))/60 -> 144.76667 | Z109: =AVERAGE($Y$2:$Y$198) -> 198.26369 | AA109: 29.89 | AB109: 65 | AC109: 97.95 | AD109: 330 | AE109: =$AD109+$AA109 -> 359.89 | AF109: =$AD109+$AB109 -> 395 | AG109: =$AD109+$AC109 -> 427.95 | AH109: =(AD109-W109)/AD109 -> 0.58543771 | AI109: =INDEX($D109:$V109,MATCH(YEAR($C109),$D$1:$V$1,0)) -> 111 | AJ109: =INDEX($D109:$V109,MATCH((YEAR($C109)+1),$D$1:$V$1,0)) -> 116 | AK109: =INDEX($D109:$V109,MATCH((YEAR($C109)+2),$D$1:$V$1,0)) -> 144 | AL109: =INDEX($D109:$V109,MATCH((YEAR($C109)+3),$D$1:$V$1,0)) -> 154 | AM109: =INDEX($D109:$V109,MATCH((YEAR($C109)+4),$D$1:$V$1,0)) -> 153
A110: 0.0007 | B110: 0.0042 | C110: 45292 | M110: 120 | N110: 135 | O110: 147 | P110: 168 | Q110: 167 | R110: =Q110-2 -> 165 | S110: =R110-2 -> 163 | T110: =S110-2 -> 161 | W110: =((13-MONTH($C110))*INDEX($D110:$V110,1,MATCH(YEAR($C110),$D$1:$V$1,0))+12*INDEX($D110:$V110,1,MATCH(YEAR($C110)+1,$D$1:$V$1,0))+12*INDEX($D110:$V110,1,MATCH(YEAR($C110)+2,$D$1:$V$1,0))+(MONTH($C110)-1)*INDEX($D110:$V110,1,MATCH(YEAR($C110)+3,$D$1:$V$1,0)))/36 -> 134 | X110: =AVERAGE($W$2:$W$198) -> 205.00794 | Y110: =((13-MONTH($C110))*INDEX($D110:$V110,1,MATCH(YEAR($C110),$D$1:$V$1,0))+12*INDEX($D110:$V110,1,MATCH(YEAR($C110)+1,$D$1:$V$1,0))+12*INDEX($D110:$V110,1,MATCH(YEAR($C110)+2,$D$1:$V$1,0))+12*INDEX($D110:$V110,1,MATCH(YEAR($C110)+3,$D$1:$V$1,0))+12*INDEX($D110:$V110,1,MATCH(YEAR($C110)+4,$D$1:$V$1,0))+(MONTH($C110)-1)*INDEX($D110:$V110,1,MATCH(YEAR($C110)+5,$D$1:$V$1,0)))/60 -> 147.4 | Z110: =AVERAGE($Y$2:$Y$198) -> 198.26369 | AA110: 18.85 | AB110: 44.63 | AC110: 78.77 | AD110: 350 | AE110: =$AD110+$AA110 -> 368.85 | AF110: =$AD110+$AB110 -> 394.63 | AG110: =$AD110+$AC110 -> 428.77 | AH110: =(AD110-W110)/AD110 -> 0.61714286 | AI110: =INDEX($D110:$V110,MATCH(YEAR($C110),$D$1:$V$1,0)) -> 120 | AJ110: =INDEX($D110:$V110,MATCH((YEAR($C110)+1),$D$1:$V$1,0)) -> 135 | AK110: =INDEX($D110:$V110,MATCH((YEAR($C110)+2),$D$1:$V$1,0)) -> 147 | AL110: =INDEX($D110:$V110,MATCH((YEAR($C110)+3),$D$1:$V$1,0)) -> 168 | AM110: =INDEX($D110:$V110,MATCH((YEAR($C110)+4),$D$1:$V$1,0)) -> 167
A111: -0.0052 | B111: 0.0083 | C111: 45323 | M111: 159 | N111: 216 | O111: 207 | P111: 201 | Q111: 191 | R111: 185 | S111: =R111-5 -> 180 | T111: =S111-5 -> 175 | W111: =((13-MONTH($C111))*INDEX($D111:$V111,1,MATCH(YEAR($C111),$D$1:$V$1,0))+12*INDEX($D111:$V111,1,MATCH(YEAR($C111)+1,$D$1:$V$1,0))+12*INDEX($D111:$V111,1,MATCH(YEAR($C111)+2,$D$1:$V$1,0))+(MONTH($C111)-1)*INDEX($D111:$V111,1,MATCH(YEAR($C111)+3,$D$1:$V$1,0)))/36 -> 195.16667 | X111: =AVERAGE($W$2:$W$198) -> 205.00794 | Y111: =((13-MONTH($C111))*INDEX($D111:$V111,1,MATCH(YEAR($C111),$D$1:$V$1,0))+12*INDEX($D111:$V111,1,MATCH(YEAR($C111)+1,$D$1:$V$1,0))+12*INDEX($D111:$V111,1,MATCH(YEAR($C111)+2,$D$1:$V$1,0))+12*INDEX($D111:$V111,1,MATCH(YEAR($C111)+3,$D$1:$V$1,0))+12*INDEX($D111:$V111,1,MATCH(YEAR($C111)+4,$D$1:$V$1,0))+(MONTH($C111)-1)*INDEX($D111:$V111,1,MATCH(YEAR($C111)+5,$D$1:$V$1,0)))/60 -> 195.23333 | Z111: =AVERAGE($Y$2:$Y$198) -> 198.26369 | AA111: 18.85 | AB111: 44.63 | AC111: 78.77 | AD111: 350 | AE111: =$AD111+$AA111 -> 368.85 | AF111: =$AD111+$AB111 -> 394.63 | AG111: =$AD111+$AC111 -> 428.77 | AH111: =(AD111-W111)/AD111 -> 0.44238095 | AI111: =INDEX($D111:$V111,MATCH(YEAR($C111),$D$1:$V$1,0)) -> 159 | AJ111: =INDEX($D111:$V111,MATCH((YEAR($C111)+1),$D$1:$V$1,0)) -> 216 | AK111: =INDEX($D111:$V111,MATCH((YEAR($C111)+2),$D$1:$V$1,0)) -> 207 | AL111: =INDEX($D111:$V111,MATCH((YEAR($C111)+3),$D$1:$V$1,0)) -> 201 | AM111: =INDEX($D111:$V111,MATCH((YEAR($C111)+4),$D$1:$V$1,0)) -> 191
A112: -0.0047 | B112: 0.0016 | C112: 45352 | M112: 159 | N112: 201 | O112: 195 | P112: 189 | Q112: 190 | R112: 186 | S112: =R112-5 -> 181 | T112: =S112-5 -> 176 | W112: =((13-MONTH($C112))*INDEX($D112:$V112,1,MATCH(YEAR($C112),$D$1:$V$1,0))+12*INDEX($D112:$V112,1,MATCH(YEAR($C112)+1,$D$1:$V$1,0))+12*INDEX($D112:$V112,1,MATCH(YEAR($C112)+2,$D$1:$V$1,0))+(MONTH($C112)-1)*INDEX($D112:$V112,1,MATCH(YEAR($C112)+3,$D$1:$V$1,0)))/36 -> 186.66667 | X112: =AVERAGE($W$2:$W$198) -> 205.00794 | Y112: =((13-MONTH($C112))*INDEX($D112:$V112,1,MATCH(YEAR($C112),$D$1:$V$1,0))+12*INDEX($D112:$V112,1,MATCH(YEAR($C112)+1,$D$1:$V$1,0))+12*INDEX($D112:$V112,1,MATCH(YEAR($C112)+2,$D$1:$V$1,0))+12*INDEX($D112:$V112,1,MATCH(YEAR($C112)+3,$D$1:$V$1,0))+12*INDEX($D112:$V112,1,MATCH(YEAR($C112)+4,$D$1:$V$1,0))+(MONTH($C112)-1)*INDEX($D112:$V112,1,MATCH(YEAR($C112)+5,$D$1:$V$1,0)))/60 -> 187.7 | Z112: =AVERAGE($Y$2:$Y$198) -> 198.26369 | AA112: 18.85 | AB112: 44.63 | AC112: 78.77 | AD112: 350 | AE112: =$AD112+$AA112 -> 368.85 | AF112: =$AD112+$AB112 -> 394.63 | AG112: =$AD112+$AC112 -> 428.77 | AH112: =(AD112-W112)/AD112 -> 0.46666667 | AI112: =INDEX($D112:$V112,MATCH(YEAR($C112),$D$1:$V$1,0)) -> 159 | AJ112: =INDEX($D112:$V112,MATCH((YEAR($C112)+1),$D$1:$V$1,0)) -> 201 | AK112: =INDEX($D112:$V112,MATCH((YEAR($C112)+2),$D$1:$V$1,0)) -> 195 | AL112: =INDEX($D112:$V112,MATCH((YEAR($C112)+3),$D$1:$V$1,0)) -> 189 | AM112: =INDEX($D112:$V112,MATCH((YEAR($C112)+4),$D$1:$V$1,0)) -> 190
A113: 0.0031 | B113: 0.0038 | C113: 45383 | M113: 150 | N113: 185 | O113: 186 | P113: 182 | Q113: =P113-5 -> 177 | R113: =Q113-5 -> 172 | S113: =R113-5 -> 167 | T113: =S113-5 -> 162 | W113: =((13-MONTH($C113))*INDEX($D113:$V113,1,MATCH(YEAR($C113),$D$1:$V$1,0))+12*INDEX($D113:$V113,1,MATCH(YEAR($C113)+1,$D$1:$V$1,0))+12*INDEX($D113:$V113,1,MATCH(YEAR($C113)+2,$D$1:$V$1,0))+(MONTH($C113)-1)*INDEX($D113:$V113,1,MATCH(YEAR($C113)+3,$D$1:$V$1,0)))/36 -> 176.33333 | X113: =AVERAGE($W$2:$W$198) -> 205.00794 | Y113: =((13-MONTH($C113))*INDEX($D113:$V113,1,MATCH(YEAR($C113),$D$1:$V$1,0))+12*INDEX($D113:$V113,1,MATCH(YEAR($C113)+1,$D$1:$V$1,0))+12*INDEX($D113:$V113,1,MATCH(YEAR($C113)+2,$D$1:$V$1,0))+12*INDEX($D113:$V113,1,MATCH(YEAR($C113)+3,$D$1:$V$1,0))+12*INDEX($D113:$V113,1,MATCH(YEAR($C113)+4,$D$1:$V$1,0))+(MONTH($C113)-1)*INDEX($D113:$V113,1,MATCH(YEAR($C113)+5,$D$1:$V$1,0)))/60 -> 177.1 | Z113: =AVERAGE($Y$2:$Y$198) -> 198.26369 | AA113: 18.85 | AB113: 44.63 | AC113: 78.77 | AD113: 350 | AE113: =$AD113+$AA113 -> 368.85 | AF113: =$AD113+$AB113 -> 394.63 | AG113: =$AD113+$AC113 -> 428.77 | AH113: =(AD113-W113)/AD113 -> 0.49619048 | AI113: =INDEX($D113:$V113,MATCH(YEAR($C113),$D$1:$V$1,0)) -> 150 | AJ113: =INDEX($D113:$V113,MATCH((YEAR($C113)+1),$D$1:$V$1,0)) -> 185 | AK113: =INDEX($D113:$V113,MATCH((YEAR($C113)+2),$D$1:$V$1,0)) -> 186 | AL113: =INDEX($D113:$V113,MATCH((YEAR($C113)+3),$D$1:$V$1,0)) -> 182 | AM113: =INDEX($D113:$V113,MATCH((YEAR($C113)+4),$D$1:$V$1,0)) -> 177
A114: 0.0089 | B114: 0.0046 | C114: 45413 | M114: 120 | N114: 160 | O114: 175 | P114: 172 | Q114: =P114-5 -> 167 | R114: =Q114-5 -> 162 | S114: =R114-5 -> 157 | T114: =S114-5 -> 152 | W114: =((13-MONTH($C114))*INDEX($D114:$V114,1,MATCH(YEAR($C114),$D$1:$V$1,0))+12*INDEX($D114:$V114,1,MATCH(YEAR($C114)+1,$D$1:$V$1,0))+12*INDEX($D114:$V114,1,MATCH(YEAR($C114)+2,$D$1:$V$1,0))+(MONTH($C114)-1)*INDEX($D114:$V114,1,MATCH(YEAR($C114)+3,$D$1:$V$1,0)))/36 -> 157.44444 | X114: =AVERAGE($W$2:$W$198) -> 205.00794 | Y114: =((13-MONTH($C114))*INDEX($D114:$V114,1,MATCH(YEAR($C114),$D$1:$V$1,0))+12*INDEX($D114:$V114,1,MATCH(YEAR($C114)+1,$D$1:$V$1,0))+12*INDEX($D114:$V114,1,MATCH(YEAR($C114)+2,$D$1:$V$1,0))+12*INDEX($D114:$V114,1,MATCH(YEAR($C114)+3,$D$1:$V$1,0))+12*INDEX($D114:$V114,1,MATCH(YEAR($C114)+4,$D$1:$V$1,0))+(MONTH($C114)-1)*INDEX($D114:$V114,1,MATCH(YEAR($C114)+5,$D$1:$V$1,0)))/60 -> 161.6 | Z114: =AVERAGE($Y$2:$Y$198) -> 198.26369 | AA114: 18.85 | AB114: 44.63 | AC114: 78.77 | AD114: 350 | AE114: =$AD114+$AA114 -> 368.85 | AF114: =$AD114+$AB114 -> 394.63 | AG114: =$AD114+$AC114 -> 428.77 | AH114: =(AD114-W114)/AD114 -> 0.55015873 | AI114: =INDEX($D114:$V114,MATCH(YEAR($C114),$D$1:$V$1,0)) -> 120 | AJ114: =INDEX($D114:$V114,MATCH((YEAR($C114)+1),$D$1:$V$1,0)) -> 160 | AK114: =INDEX($D114:$V114,MATCH((YEAR($C114)+2),$D$1:$V$1,0)) -> 175 | AL114: =INDEX($D114:$V114,MATCH((YEAR($C114)+3),$D$1:$V$1,0)) -> 172 | AM114: =INDEX($D114:$V114,MATCH((YEAR($C114)+4),$D$1:$V$1,0)) -> 167
A115: 0.0081 | B115: 0.0021 | C115: 45444 | M115: 172 | N115: 187 | O115: 188 | P115: 180 | Q115: =P115-5 -> 175 | R115: =Q115-5 -> 170 | S115: =R115-5 -> 165 | T115: =S115-5 -> 160 | W115: =((13-MONTH($C115))*INDEX($D115:$V115,1,MATCH(YEAR($C115),$D$1:$V$1,0))+12*INDEX($D115:$V115,1,MATCH(YEAR($C115)+1,$D$1:$V$1,0))+12*INDEX($D115:$V115,1,MATCH(YEAR($C115)+2,$D$1:$V$1,0))+(MONTH($C115)-1)*INDEX($D115:$V115,1,MATCH(YEAR($C115)+3,$D$1:$V$1,0)))/36 -> 183.44444 | X115: =AVERAGE($W$2:$W$198) -> 205.00794 | Y115: =((13-MONTH($C115))*INDEX($D115:$V115,1,MATCH(YEAR($C115),$D$1:$V$1,0))+12*INDEX($D115:$V115,1,MATCH(YEAR($C115)+1,$D$1:$V$1,0))+12*INDEX($D115:$V115,1,MATCH(YEAR($C115)+2,$D$1:$V$1,0))+12*INDEX($D115:$V115,1,MATCH(YEAR($C115)+3,$D$1:$V$1,0))+12*INDEX($D115:$V115,1,MATCH(YEAR($C115)+4,$D$1:$V$1,0))+(MONTH($C115)-1)*INDEX($D115:$V115,1,MATCH(YEAR($C115)+5,$D$1:$V$1,0)))/60 -> 180.23333 | Z115: =AVERAGE($Y$2:$Y$198) -> 198.26369 | AA115: 18.85 | AB115: 44.63 | AC115: 78.77 | AD115: 350 | AE115: =$AD115+$AA115 -> 368.85 | AF115: =$AD115+$AB115 -> 394.63 | AG115: =$AD115+$AC115 -> 428.77 | AH115: =(AD115-W115)/AD115 -> 0.47587302 | AI115: =INDEX($D115:$V115,MATCH(YEAR($C115),$D$1:$V$1,0)) -> 172 | AJ115: =INDEX($D115:$V115,MATCH((YEAR($C115)+1),$D$1:$V$1,0)) -> 187 | AK115: =INDEX($D115:$V115,MATCH((YEAR($C115)+2),$D$1:$V$1,0)) -> 188 | AL115: =INDEX($D115:$V115,MATCH((YEAR($C115)+3),$D$1:$V$1,0)) -> 180 | AM115: =INDEX($D115:$V115,MATCH((YEAR($C115)+4),$D$1:$V$1,0)) -> 175
A116: 0.0061 | B116: 0.0038 | C116: 45474 | M116: 230 | N116: 212 | O116: 197 | P116: 181 | Q116: =P116-5 -> 176 | R116: =Q116-5 -> 171 | S116: =R116-5 -> 166 | T116: =S116-5 -> 161 | W116: =((13-MONTH($C116))*INDEX($D116:$V116,1,MATCH(YEAR($C116),$D$1:$V$1,0))+12*INDEX($D116:$V116,1,MATCH(YEAR($C116)+1,$D$1:$V$1,0))+12*INDEX($D116:$V116,1,MATCH(YEAR($C116)+2,$D$1:$V$1,0))+(MONTH($C116)-1)*INDEX($D116:$V116,1,MATCH(YEAR($C116)+3,$D$1:$V$1,0)))/36 -> 204.83333 | X116: =AVERAGE($W$2:$W$198) -> 205.00794 | Y116: =((13-MONTH($C116))*INDEX($D116:$V116,1,MATCH(YEAR($C116),$D$1:$V$1,0))+12*INDEX($D116:$V116,1,MATCH(YEAR($C116)+1,$D$1:$V$1,0))+12*INDEX($D116:$V116,1,MATCH(YEAR($C116)+2,$D$1:$V$1,0))+12*INDEX($D116:$V116,1,MATCH(YEAR($C116)+3,$D$1:$V$1,0))+12*INDEX($D116:$V116,1,MATCH(YEAR($C116)+4,$D$1:$V$1,0))+(MONTH($C116)-1)*INDEX($D116:$V116,1,MATCH(YEAR($C116)+5,$D$1:$V$1,0)))/60 -> 193.3 | Z116: =AVERAGE($Y$2:$Y$198) -> 198.26369 | AA116: 18.85 | AB116: 44.63 | AC116: 78.77 | AD116: 350 | AE116: =$AD116+$AA116 -> 368.85 | AF116: =$AD116+$AB116 -> 394.63 | AG116: =$AD116+$AC116 -> 428.77 | AH116: =(AD116-W116)/AD116 -> 0.4147619 | AI116: =INDEX($D116:$V116,MATCH(YEAR($C116),$D$1:$V$1,0)) -> 230 | AJ116: =INDEX($D116:$V116,MATCH((YEAR($C116)+1),$D$1:$V$1,0)) -> 212 | AK116: =INDEX($D116:$V116,MATCH((YEAR($C116)+2),$D$1:$V$1,0)) -> 197 | AL116: =INDEX($D116:$V116,MATCH((YEAR($C116)+3),$D$1:$V$1,0)) -> 181 | AM116: =INDEX($D116:$V116,MATCH((YEAR($C116)+4),$D$1:$V$1,0)) -> 176
A117: 0.0029 | B117: 0.0019 | C117: 45505 | M117: 185 | N117: 202 | O117: 192 | P117: 180 | Q117: =P117-5 -> 175 | R117: =Q117-5 -> 170 | S117: =R117-5 -> 165 | T117: =S117-5 -> 160 | W117: =((13-MONTH($C117))*INDEX($D117:$V117,1,MATCH(YEAR($C117),$D$1:$V$1,0))+12*INDEX($D117:$V117,1,MATCH(YEAR($C117)+1,$D$1:$V$1,0))+12*INDEX($D117:$V117,1,MATCH(YEAR($C117)+2,$D$1:$V$1,0))+(MONTH($C117)-1)*INDEX($D117:$V117,1,MATCH(YEAR($C117)+3,$D$1:$V$1,0)))/36 -> 192.02778 | X117: =AVERAGE($W$2:$W$198) -> 205.00794 | Y117: =((13-MONTH($C117))*INDEX($D117:$V117,1,MATCH(YEAR($C117),$D$1:$V$1,0))+12*INDEX($D117:$V117,1,MATCH(YEAR($C117)+1,$D$1:$V$1,0))+12*INDEX($D117:$V117,1,MATCH(YEAR($C117)+2,$D$1:$V$1,0))+12*INDEX($D117:$V117,1,MATCH(YEAR($C117)+3,$D$1:$V$1,0))+12*INDEX($D117:$V117,1,MATCH(YEAR($C117)+4,$D$1:$V$1,0))+(MONTH($C117)-1)*INDEX($D117:$V117,1,MATCH(YEAR($C117)+5,$D$1:$V$1,0)))/60 -> 185.05 | Z117: =AVERAGE($Y$2:$Y$198) -> 198.26369 | AA117: 18.85 | AB117: 44.63 | AC117: 78.77 | AD117: 350 | AE117: =$AD117+$AA117 -> 368.85 | AF117: =$AD117+$AB117 -> 394.63 | AG117: =$AD117+$AC117 -> 428.77 | AH117: =(AD117-W117)/AD117 -> 0.45134921 | AI117: =INDEX($D117:$V117,MATCH(YEAR($C117),$D$1:$V$1,0)) -> 185 | AJ117: =INDEX($D117:$V117,MATCH((YEAR($C117)+1),$D$1:$V$1,0)) -> 202 | AK117: =INDEX($D117:$V117,MATCH((YEAR($C117)+2),$D$1:$V$1,0)) -> 192 | AL117: =INDEX($D117:$V117,MATCH((YEAR($C117)+3),$D$1:$V$1,0)) -> 180 | AM117: =INDEX($D117:$V117,MATCH((YEAR($C117)+4),$D$1:$V$1,0)) -> 175
A118: 0.0062 | B118: 0.0044 | C118: 45536 | M118: 228 | N118: 216 | O118: 200 | P118: 183 | Q118: =P118-5 -> 178 | R118: =Q118-5 -> 173 | S118: =R118-5 -> 168 | T118: =S118-5 -> 163 | W118: =((13-MONTH($C118))*INDEX($D118:$V118,1,MATCH(YEAR($C118),$D$1:$V$1,0))+12*INDEX($D118:$V118,1,MATCH(YEAR($C118)+1,$D$1:$V$1,0))+12*INDEX($D118:$V118,1,MATCH(YEAR($C118)+2,$D$1:$V$1,0))+(MONTH($C118)-1)*INDEX($D118:$V118,1,MATCH(YEAR($C118)+3,$D$1:$V$1,0)))/36 -> 204.66667 | X118: =AVERAGE($W$2:$W$198) -> 205.00794 | Y118: =((13-MONTH($C118))*INDEX($D118:$V118,1,MATCH(YEAR($C118),$D$1:$V$1,0))+12*INDEX($D118:$V118,1,MATCH(YEAR($C118)+1,$D$1:$V$1,0))+12*INDEX($D118:$V118,1,MATCH(YEAR($C118)+2,$D$1:$V$1,0))+12*INDEX($D118:$V118,1,MATCH(YEAR($C118)+3,$D$1:$V$1,0))+12*INDEX($D118:$V118,1,MATCH(YEAR($C118)+4,$D$1:$V$1,0))+(MONTH($C118)-1)*INDEX($D118:$V118,1,MATCH(YEAR($C118)+5,$D$1:$V$1,0)))/60 -> 193.66667 | Z118: =AVERAGE($Y$2:$Y$198) -> 198.26369 | AA118: 18.85 | AB118: 44.63 | AC118: 78.77 | AD118: 350 | AE118: =$AD118+$AA118 -> 368.85 | AF118: =$AD118+$AB118 -> 394.63 | AG118: =$AD118+$AC118 -> 428.77 | AH118: =(AD118-W118)/AD118 -> 0.4152381 | AI118: =INDEX($D118:$V118,MATCH(YEAR($C118),$D$1:$V$1,0)) -> 228 | AJ118: =INDEX($D118:$V118,MATCH((YEAR($C118)+1),$D$1:$V$1,0)) -> 216 | AK118: =INDEX($D118:$V118,MATCH((YEAR($C118)+2),$D$1:$V$1,0)) -> 200 | AL118: =INDEX($D118:$V118,MATCH((YEAR($C118)+3),$D$1:$V$1,0)) -> 183 | AM118: =INDEX($D118:$V118,MATCH((YEAR($C118)+4),$D$1:$V$1,0)) -> 178
A119: 0.0152 | B119: 0.0054 | C119: 45566 | M119: 320 | N119: 243 | O119: 201 | P119: 181 | Q119: =P119-5 -> 176 | R119: =Q119-5 -> 171 | S119: =R119-5 -> 166 | T119: =S119-5 -> 161 | W119: =((13-MONTH($C119))*INDEX($D119:$V119,1,MATCH(YEAR($C119),$D$1:$V$1,0))+12*INDEX($D119:$V119,1,MATCH(YEAR($C119)+1,$D$1:$V$1,0))+12*INDEX($D119:$V119,1,MATCH(YEAR($C119)+2,$D$1:$V$1,0))+(MONTH($C119)-1)*INDEX($D119:$V119,1,MATCH(YEAR($C119)+3,$D$1:$V$1,0)))/36 -> 219.91667 | X119: =AVERAGE($W$2:$W$198) -> 205.00794 | Y119: =((13-MONTH($C119))*INDEX($D119:$V119,1,MATCH(YEAR($C119),$D$1:$V$1,0))+12*INDEX($D119:$V119,1,MATCH(YEAR($C119)+1,$D$1:$V$1,0))+12*INDEX($D119:$V119,1,MATCH(YEAR($C119)+2,$D$1:$V$1,0))+12*INDEX($D119:$V119,1,MATCH(YEAR($C119)+3,$D$1:$V$1,0))+12*INDEX($D119:$V119,1,MATCH(YEAR($C119)+4,$D$1:$V$1,0))+(MONTH($C119)-1)*INDEX($D119:$V119,1,MATCH(YEAR($C119)+5,$D$1:$V$1,0)))/60 -> 201.85 | Z119: =AVERAGE($Y$2:$Y$198) -> 198.26369 | AA119: 18.85 | AB119: 44.63 | AC119: 78.77 | AD119: 350 | AE119: =$AD119+$AA119 -> 368.85 | AF119: =$AD119+$AB119 -> 394.63 | AG119: =$AD119+$AC119 -> 428.77 | AH119: =(AD119-W119)/AD119 -> 0.37166667 | AI119: =INDEX($D119:$V119,MATCH(YEAR($C119),$D$1:$V$1,0)) -> 320 | AJ119: =INDEX($D119:$V119,MATCH((YEAR($C119)+1),$D$1:$V$1,0)) -> 243 | AK119: =INDEX($D119:$V119,MATCH((YEAR($C119)+2),$D$1:$V$1,0)) -> 201 | AL119: =INDEX($D119:$V119,MATCH((YEAR($C119)+3),$D$1:$V$1,0)) -> 181 | AM119: =INDEX($D119:$V119,MATCH((YEAR($C119)+4),$D$1:$V$1,0)) -> 176
A120: 0.013 | B120: 0.0039 | C120: 45597 | M120: 282 | N120: 176 | O120: 189 | P120: 178 | Q120: =P120-5 -> 173 | R120: =Q120-5 -> 168 | S120: =R120-5 -> 163 | T120: =S120-5 -> 158 | W120: =((13-MONTH($C120))*INDEX($D120:$V120,1,MATCH(YEAR($C120),$D$1:$V$1,0))+12*INDEX($D120:$V120,1,MATCH(YEAR($C120)+1,$D$1:$V$1,0))+12*INDEX($D120:$V120,1,MATCH(YEAR($C120)+2,$D$1:$V$1,0))+(MONTH($C120)-1)*INDEX($D120:$V120,1,MATCH(YEAR($C120)+3,$D$1:$V$1,0)))/36 -> 186.77778 | X120: =AVERAGE($W$2:$W$198) -> 205.00794 | Y120: =((13-MONTH($C120))*INDEX($D120:$V120,1,MATCH(YEAR($C120),$D$1:$V$1,0))+12*INDEX($D120:$V120,1,MATCH(YEAR($C120)+1,$D$1:$V$1,0))+12*INDEX($D120:$V120,1,MATCH(YEAR($C120)+2,$D$1:$V$1,0))+12*INDEX($D120:$V120,1,MATCH(YEAR($C120)+3,$D$1:$V$1,0))+12*INDEX($D120:$V120,1,MATCH(YEAR($C120)+4,$D$1:$V$1,0))+(MONTH($C120)-1)*INDEX($D120:$V120,1,MATCH(YEAR($C120)+5,$D$1:$V$1,0)))/60 -> 180.6 | Z120: =AVERAGE($Y$2:$Y$198) -> 198.26369 | AA120: 18.85 | AB120: 44.63 | AC120: 78.77 | AD120: 350 | AE120: =$AD120+$AA120 -> 368.85 | AF120: =$AD120+$AB120 -> 394.63 | AG120: =$AD120+$AC120 -> 428.77 | AH120: =(AD120-W120)/AD120 -> 0.46634921 | AI120: =INDEX($D120:$V120,MATCH(YEAR($C120),$D$1:$V$1,0)) -> 282 | AJ120: =INDEX($D120:$V120,MATCH((YEAR($C120)+1),$D$1:$V$1,0)) -> 176 | AK120: =INDEX($D120:$V120,MATCH((YEAR($C120)+2),$D$1:$V$1,0)) -> 189 | AL120: =INDEX($D120:$V120,MATCH((YEAR($C120)+3),$D$1:$V$1,0)) -> 178 | AM120: =INDEX($D120:$V120,MATCH((YEAR($C120)+4),$D$1:$V$1,0)) -> 173
A121: 0.0094 | B121: 0.0052 | C121: 45627 | M121: 117 | N121: 180 | O121: 191 | P121: 186 | Q121: =P121-5 -> 181 | R121: =Q121-5 -> 176 | S121: =R121-5 -> 171 | T121: =S121-5 -> 166 | W121: =((13-MONTH($C121))*INDEX($D121:$V121,1,MATCH(YEAR($C121),$D$1:$V$1,0))+12*INDEX($D121:$V121,1,MATCH(YEAR($C121)+1,$D$1:$V$1,0))+12*INDEX($D121:$V121,1,MATCH(YEAR($C121)+2,$D$1:$V$1,0))+(MONTH($C121)-1)*INDEX($D121:$V121,1,MATCH(YEAR($C121)+3,$D$1:$V$1,0)))/36 -> 183.75 | X121: =AVERAGE($W$2:$W$198) -> 205.00794 | Y121: =((13-MONTH($C121))*INDEX($D121:$V121,1,MATCH(YEAR($C121),$D$1:$V$1,0))+12*INDEX($D121:$V121,1,MATCH(YEAR($C121)+1,$D$1:$V$1,0))+12*INDEX($D121:$V121,1,MATCH(YEAR($C121)+2,$D$1:$V$1,0))+12*INDEX($D121:$V121,1,MATCH(YEAR($C121)+3,$D$1:$V$1,0))+12*INDEX($D121:$V121,1,MATCH(YEAR($C121)+4,$D$1:$V$1,0))+(MONTH($C121)-1)*INDEX($D121:$V121,1,MATCH(YEAR($C121)+5,$D$1:$V$1,0)))/60 -> 181.81667 | Z121: =AVERAGE($Y$2:$Y$198) -> 198.26369 | AA121: 18.85 | AB121: 44.63 | AC121: 78.77 | AD121: 350 | AE121: =$AD121+$AA121 -> 368.85 | AF121: =$AD121+$AB121 -> 394.63 | AG121: =$AD121+$AC121 -> 428.77 | AH121: =(AD121-W121)/AD121 -> 0.475 | AI121: =INDEX($D121:$V121,MATCH(YEAR($C121),$D$1:$V$1,0)) -> 117 | AJ121: =INDEX($D121:$V121,MATCH((YEAR($C121)+1),$D$1:$V$1,0)) -> 180 | AK121: =INDEX($D121:$V121,MATCH((YEAR($C121)+2),$D$1:$V$1,0)) -> 191 | AL121: =INDEX($D121:$V121,MATCH((YEAR($C121)+3),$D$1:$V$1,0)) -> 186 | AM121: =INDEX($D121:$V121,MATCH((YEAR($C121)+4),$D$1:$V$1,0)) -> 181
A122: 0.0027 | B122: 0.0016 | C122: 45658 | N122: 175 | O122: 199 | P122: 180 | Q122: =P122-5 -> 175 | R122: =Q122-5 -> 170 | S122: =R122-5 -> 165 | T122: =S122-5 -> 160 | W122: =((13-MONTH($C122))*INDEX($D122:$V122,1,MATCH(YEAR($C122),$D$1:$V$1,0))+12*INDEX($D122:$V122,1,MATCH(YEAR($C122)+1,$D$1:$V$1,0))+12*INDEX($D122:$V122,1,MATCH(YEAR($C122)+2,$D$1:$V$1,0))+(MONTH($C122)-1)*INDEX($D122:$V122,1,MATCH(YEAR($C122)+3,$D$1:$V$1,0)))/36 -> 184.66667 | X122: =AVERAGE($W$2:$W$198) -> 205.00794 | Y122: =((13-MONTH($C122))*INDEX($D122:$V122,1,MATCH(YEAR($C122),$D$1:$V$1,0))+12*INDEX($D122:$V122,1,MATCH(YEAR($C122)+1,$D$1:$V$1,0))+12*INDEX($D122:$V122,1,MATCH(YEAR($C122)+2,$D$1:$V$1,0))+12*INDEX($D122:$V122,1,MATCH(YEAR($C122)+3,$D$1:$V$1,0))+12*INDEX($D122:$V122,1,MATCH(YEAR($C122)+4,$D$1:$V$1,0))+(MONTH($C122)-1)*INDEX($D122:$V122,1,MATCH(YEAR($C122)+5,$D$1:$V$1,0)))/60 -> 179.8 | Z122: =AVERAGE($Y$2:$Y$198) -> 198.26369 | AA122: 18.85 | AB122: 44.63 | AC122: 78.77 | AD122: 390 | AE122: =$AD122+$AA122 -> 408.85 | AF122: =$AD122+$AB122 -> 434.63 | AG122: =$AD122+$AC122 -> 468.77 | AH122: =(AD122-W122)/AD122 -> 0.52649573 | AI122: =INDEX($D122:$V122,MATCH(YEAR($C122),$D$1:$V$1,0)) -> 175 | AJ122: =INDEX($D122:$V122,MATCH((YEAR($C122)+1),$D$1:$V$1,0)) -> 199 | AK122: =INDEX($D122:$V122,MATCH((YEAR($C122)+2),$D$1:$V$1,0)) -> 180 | AL122: =INDEX($D122:$V122,MATCH((YEAR($C122)+3),$D$1:$V$1,0)) -> 175 | AM122: =INDEX($D122:$V122,MATCH((YEAR($C122)+4),$D$1:$V$1,0)) -> 170
A123: 0.0106 | B123: 0.0131 | C123: 45689 | N123: 227 | O123: 219 | P123: 198 | Q123: 183 | R123: =Q123-5 -> 178 | S123: =R123-5 -> 173 | T123: =S123-10 -> 163 | W123: =((13-MONTH($C123))*INDEX($D123:$V123,1,MATCH(YEAR($C123),$D$1:$V$1,0))+12*INDEX($D123:$V123,1,MATCH(YEAR($C123)+1,$D$1:$V$1,0))+12*INDEX($D123:$V123,1,MATCH(YEAR($C123)+2,$D$1:$V$1,0))+(MONTH($C123)-1)*INDEX($D123:$V123,1,MATCH(YEAR($C123)+3,$D$1:$V$1,0)))/36 -> 213.44444 | X123: =AVERAGE($W$2:$W$198) -> 205.00794 | Y123: =((13-MONTH($C123))*INDEX($D123:$V123,1,MATCH(YEAR($C123),$D$1:$V$1,0))+12*INDEX($D123:$V123,1,MATCH(YEAR($C123)+1,$D$1:$V$1,0))+12*INDEX($D123:$V123,1,MATCH(YEAR($C123)+2,$D$1:$V$1,0))+12*INDEX($D123:$V123,1,MATCH(YEAR($C123)+3,$D$1:$V$1,0))+12*INDEX($D123:$V123,1,MATCH(YEAR($C123)+4,$D$1:$V$1,0))+(MONTH($C123)-1)*INDEX($D123:$V123,1,MATCH(YEAR($C123)+5,$D$1:$V$1,0)))/60 -> 200.1 | Z123: =AVERAGE($Y$2:$Y$198) -> 198.26369 | AA123: 18.85 | AB123: 44.63 | AC123: 78.77 | AD123: 390 | AE123: =$AD123+$AA123 -> 408.85 | AF123: =$AD123+$AB123 -> 434.63 | AG123: =$AD123+$AC123 -> 468.77 | AH123: =(AD123-W123)/AD123 -> 0.45270655 | AI123: =INDEX($D123:$V123,MATCH(YEAR($C123),$D$1:$V$1,0)) -> 227 | AJ123: =INDEX($D123:$V123,MATCH((YEAR($C123)+1),$D$1:$V$1,0)) -> 219 | AK123: =INDEX($D123:$V123,MATCH((YEAR($C123)+2),$D$1:$V$1,0)) -> 198 | AL123: =INDEX($D123:$V123,MATCH((YEAR($C123)+3),$D$1:$V$1,0)) -> 183 | AM123: =INDEX($D123:$V123,MATCH((YEAR($C123)+4),$D$1:$V$1,0)) -> 178
A124: -0.0034 | B124: 0.0064 | C124: 45717 | N124: 322 | O124: 242 | P124: 206 | Q124: 191 | R124: =Q124-5 -> 186 | S124: =R124-5 -> 181 | T124: =S124-10 -> 171 | W124: =((13-MONTH($C124))*INDEX($D124:$V124,1,MATCH(YEAR($C124),$D$1:$V$1,0))+12*INDEX($D124:$V124,1,MATCH(YEAR($C124)+1,$D$1:$V$1,0))+12*INDEX($D124:$V124,1,MATCH(YEAR($C124)+2,$D$1:$V$1,0))+(MONTH($C124)-1)*INDEX($D124:$V124,1,MATCH(YEAR($C124)+3,$D$1:$V$1,0)))/36 -> 249.38889 | X124: =AVERAGE($W$2:$W$198) -> 205.00794 | Y124: =((13-MONTH($C124))*INDEX($D124:$V124,1,MATCH(YEAR($C124),$D$1:$V$1,0))+12*INDEX($D124:$V124,1,MATCH(YEAR($C124)+1,$D$1:$V$1,0))+12*INDEX($D124:$V124,1,MATCH(YEAR($C124)+2,$D$1:$V$1,0))+12*INDEX($D124:$V124,1,MATCH(YEAR($C124)+3,$D$1:$V$1,0))+12*INDEX($D124:$V124,1,MATCH(YEAR($C124)+4,$D$1:$V$1,0))+(MONTH($C124)-1)*INDEX($D124:$V124,1,MATCH(YEAR($C124)+5,$D$1:$V$1,0)))/60 -> 224.7 | Z124: =AVERAGE($Y$2:$Y$198) -> 198.26369 | AA124: 18.85 | AB124: 44.63 | AC124: 78.77 | AD124: 390 | AE124: =$AD124+$AA124 -> 408.85 | AF124: =$AD124+$AB124 -> 434.63 | AG124: =$AD124+$AC124 -> 468.77 | AH124: =(AD124-W124)/AD124 -> 0.36054131 | AI124: =INDEX($D124:$V124,MATCH(YEAR($C124),$D$1:$V$1,0)) -> 322 | AJ124: =INDEX($D124:$V124,MATCH((YEAR($C124)+1),$D$1:$V$1,0)) -> 242 | AK124: =INDEX($D124:$V124,MATCH((YEAR($C124)+2),$D$1:$V$1,0)) -> 206 | AL124: =INDEX($D124:$V124,MATCH((YEAR($C124)+3),$D$1:$V$1,0)) -> 191 | AM124: =INDEX($D124:$V124,MATCH((YEAR($C124)+4),$D$1:$V$1,0)) -> 186
A125: 0.0024 | B125: 0.0043 | C125: 45748 | N125: 370 | O125: 273 | P125: 218 | Q125: 199 | R125: =Q125-5 -> 194 | S125: =R125-5 -> 189 | T125: =S125-10 -> 179 | W125: =((13-MONTH($C125))*INDEX($D125:$V125,1,MATCH(YEAR($C125),$D$1:$V$1,0))+12*INDEX($D125:$V125,1,MATCH(YEAR($C125)+1,$D$1:$V$1,0))+12*INDEX($D125:$V125,1,MATCH(YEAR($C125)+2,$D$1:$V$1,0))+(MONTH($C125)-1)*INDEX($D125:$V125,1,MATCH(YEAR($C125)+3,$D$1:$V$1,0)))/36 -> 272.75 | X125: =AVERAGE($W$2:$W$198) -> 205.00794 | Y125: =((13-MONTH($C125))*INDEX($D125:$V125,1,MATCH(YEAR($C125),$D$1:$V$1,0))+12*INDEX($D125:$V125,1,MATCH(YEAR($C125)+1,$D$1:$V$1,0))+12*INDEX($D125:$V125,1,MATCH(YEAR($C125)+2,$D$1:$V$1,0))+12*INDEX($D125:$V125,1,MATCH(YEAR($C125)+3,$D$1:$V$1,0))+12*INDEX($D125:$V125,1,MATCH(YEAR($C125)+4,$D$1:$V$1,0))+(MONTH($C125)-1)*INDEX($D125:$V125,1,MATCH(YEAR($C125)+5,$D$1:$V$1,0)))/60 -> 241.75 | Z125: =AVERAGE($Y$2:$Y$198) -> 198.26369 | AA125: 18.85 | AB125: 44.63 | AC125: 78.77 | AD125: 390 | AE125: =$AD125+$AA125 -> 408.85 | AF125: =$AD125+$AB125 -> 434.63 | AG125: =$AD125+$AC125 -> 468.77 | AH125: =(AD125-W125)/AD125 -> 0.30064103 | AI125: =INDEX($D125:$V125,MATCH(YEAR($C125),$D$1:$V$1,0)) -> 370 | AJ125: =INDEX($D125:$V125,MATCH((YEAR($C125)+1),$D$1:$V$1,0)) -> 273 | AK125: =INDEX($D125:$V125,MATCH((YEAR($C125)+2),$D$1:$V$1,0)) -> 218 | AL125: =INDEX($D125:$V125,MATCH((YEAR($C125)+3),$D$1:$V$1,0)) -> 199 | AM125: =INDEX($D125:$V125,MATCH((YEAR($C125)+4),$D$1:$V$1,0)) -> 194
A126: -0.0049 | B126: 0.0026 | C126: 45778 | N126: 356 | O126: 271 | P126: 221 | Q126: 201 | R126: =Q126-5 -> 196 | S126: =R126-5 -> 191 | T126: =S126-10 -> 181 | W126: =((13-MONTH($C126))*INDEX($D126:$V126,1,MATCH(YEAR($C126),$D$1:$V$1,0))+12*INDEX($D126:$V126,1,MATCH(YEAR($C126)+1,$D$1:$V$1,0))+12*INDEX($D126:$V126,1,MATCH(YEAR($C126)+2,$D$1:$V$1,0))+(MONTH($C126)-1)*INDEX($D126:$V126,1,MATCH(YEAR($C126)+3,$D$1:$V$1,0)))/36 -> 265.44444 | X126: =AVERAGE($W$2:$W$198) -> 205.00794 | Y126: =((13-MONTH($C126))*INDEX($D126:$V126,1,MATCH(YEAR($C126),$D$1:$V$1,0))+12*INDEX($D126:$V126,1,MATCH(YEAR($C126)+1,$D$1:$V$1,0))+12*INDEX($D126:$V126,1,MATCH(YEAR($C126)+2,$D$1:$V$1,0))+12*INDEX($D126:$V126,1,MATCH(YEAR($C126)+3,$D$1:$V$1,0))+12*INDEX($D126:$V126,1,MATCH(YEAR($C126)+4,$D$1:$V$1,0))+(MONTH($C126)-1)*INDEX($D126:$V126,1,MATCH(YEAR($C126)+5,$D$1:$V$1,0)))/60 -> 238 | Z126: =AVERAGE($Y$2:$Y$198) -> 198.26369 | AA126: 18.85 | AB126: 44.63 | AC126: 78.77 | AD126: 390 | AE126: =$AD126+$AA126 -> 408.85 | AF126: =$AD126+$AB126 -> 434.63 | AG126: =$AD126+$AC126 -> 468.77 | AH126: =(AD126-W126)/AD126 -> 0.31937322 | AI126: =INDEX($D126:$V126,MATCH(YEAR($C126),$D$1:$V$1,0)) -> 356 | AJ126: =INDEX($D126:$V126,MATCH((YEAR($C126)+1),$D$1:$V$1,0)) -> 271 | AK126: =INDEX($D126:$V126,MATCH((YEAR($C126)+2),$D$1:$V$1,0)) -> 221 | AL126: =INDEX($D126:$V126,MATCH((YEAR($C126)+3),$D$1:$V$1,0)) -> 201 | AM126: =INDEX($D126:$V126,MATCH((YEAR($C126)+4),$D$1:$V$1,0)) -> 196
A127: -0.0167 | B127: 0.0024 | C127: 45809 | N127: 364 | O127: 281 | P127: 220 | Q127: 202 | R127: =Q127-5 -> 197 | S127: =R127-5 -> 192 | T127: =S127-10 -> 182 | W127: =((13-MONTH($C127))*INDEX($D127:$V127,1,MATCH(YEAR($C127),$D$1:$V$1,0))+12*INDEX($D127:$V127,1,MATCH(YEAR($C127)+1,$D$1:$V$1,0))+12*INDEX($D127:$V127,1,MATCH(YEAR($C127)+2,$D$1:$V$1,0))+(MONTH($C127)-1)*INDEX($D127:$V127,1,MATCH(YEAR($C127)+3,$D$1:$V$1,0)))/36 -> 265.83333 | X127: =AVERAGE($W$2:$W$198) -> 205.00794 | Y127: =((13-MONTH($C127))*INDEX($D127:$V127,1,MATCH(YEAR($C127),$D$1:$V$1,0))+12*INDEX($D127:$V127,1,MATCH(YEAR($C127)+1,$D$1:$V$1,0))+12*INDEX($D127:$V127,1,MATCH(YEAR($C127)+2,$D$1:$V$1,0))+12*INDEX($D127:$V127,1,MATCH(YEAR($C127)+3,$D$1:$V$1,0))+12*INDEX($D127:$V127,1,MATCH(YEAR($C127)+4,$D$1:$V$1,0))+(MONTH($C127)-1)*INDEX($D127:$V127,1,MATCH(YEAR($C127)+5,$D$1:$V$1,0)))/60 -> 238.46667 | Z127: =AVERAGE($Y$2:$Y$198) -> 198.26369 | AA127: 18.85 | AB127: 44.63 | AC127: 78.77 | AD127: 390 | AE127: =$AD127+$AA127 -> 408.85 | AF127: =$AD127+$AB127 -> 434.63 | AG127: =$AD127+$AC127 -> 468.77 | AH127: =(AD127-W127)/AD127 -> 0.31837607 | AI127: =INDEX($D127:$V127,MATCH(YEAR($C127),$D$1:$V$1,0)) -> 364 | AJ127: =INDEX($D127:$V127,MATCH((YEAR($C127)+1),$D$1:$V$1,0)) -> 281 | AK127: =INDEX($D127:$V127,MATCH((YEAR($C127)+2),$D$1:$V$1,0)) -> 220 | AL127: =INDEX($D127:$V127,MATCH((YEAR($C127)+3),$D$1:$V$1,0)) -> 202 | AM127: =INDEX($D127:$V127,MATCH((YEAR($C127)+4),$D$1:$V$1,0)) -> 197
A128: -0.0077 | B128: 0.0026 | C128: 45839 | N128: 316 | O128: 276 | P128: 224 | Q128: 204 | R128: =Q128-5 -> 199 | S128: =R128-5 -> 194 | T128: =S128-10 -> 184 | W128: =((13-MONTH($C128))*INDEX($D128:$V128,1,MATCH(YEAR($C128),$D$1:$V$1,0))+12*INDEX($D128:$V128,1,MATCH(YEAR($C128)+1,$D$1:$V$1,0))+12*INDEX($D128:$V128,1,MATCH(YEAR($C128)+2,$D$1:$V$1,0))+(MONTH($C128)-1)*INDEX($D128:$V128,1,MATCH(YEAR($C128)+3,$D$1:$V$1,0)))/36 -> 253.33333 | X128: =AVERAGE($W$2:$W$198) -> 205.00794 | Y128: =((13-MONTH($C128))*INDEX($D128:$V128,1,MATCH(YEAR($C128),$D$1:$V$1,0))+12*INDEX($D128:$V128,1,MATCH(YEAR($C128)+1,$D$1:$V$1,0))+12*INDEX($D128:$V128,1,MATCH(YEAR($C128)+2,$D$1:$V$1,0))+12*INDEX($D128:$V128,1,MATCH(YEAR($C128)+3,$D$1:$V$1,0))+12*INDEX($D128:$V128,1,MATCH(YEAR($C128)+4,$D$1:$V$1,0))+(MONTH($C128)-1)*INDEX($D128:$V128,1,MATCH(YEAR($C128)+5,$D$1:$V$1,0)))/60 -> 231.6 | Z128: =AVERAGE($Y$2:$Y$198) -> 198.26369 | AA128: 18.85 | AB128: 44.63 | AC128: 78.77 | AD128: 390 | AE128: =$AD128+$AA128 -> 408.85 | AF128: =$AD128+$AB128 -> 434.63 | AG128: =$AD128+$AC128 -> 468.77 | AH128: =(AD128-W128)/AD128 -> 0.35042735 | AI128: =INDEX($D128:$V128,MATCH(YEAR($C128),$D$1:$V$1,0)) -> 316 | AJ128: =INDEX($D128:$V128,MATCH((YEAR($C128)+1),$D$1:$V$1,0)) -> 276 | AK128: =INDEX($D128:$V128,MATCH((YEAR($C128)+2),$D$1:$V$1,0)) -> 224 | AL128: =INDEX($D128:$V128,MATCH((YEAR($C128)+3),$D$1:$V$1,0)) -> 204 | AM128: =INDEX($D128:$V128,MATCH((YEAR($C128)+4),$D$1:$V$1,0)) -> 199
A129: 0.0036 | B129: -0.0011 | C129: 45870 | N129: 293 | O129: 268 | P129: 226 | Q129: 205 | R129: =Q129-5 -> 200 | S129: =R129-5 -> 195 | T129: =S129-10 -> 185 | W129: =((13-MONTH($C129))*INDEX($D129:$V129,1,MATCH(YEAR($C129),$D$1:$V$1,0))+12*INDEX($D129:$V129,1,MATCH(YEAR($C129)+1,$D$1:$V$1,0))+12*INDEX($D129:$V129,1,MATCH(YEAR($C129)+2,$D$1:$V$1,0))+(MONTH($C129)-1)*INDEX($D129:$V129,1,MATCH(YEAR($C129)+3,$D$1:$V$1,0)))/36 -> 245.22222 | X129: =AVERAGE($W$2:$W$198) -> 205.00794 | Y129: =((13-MONTH($C129))*INDEX($D129:$V129,1,MATCH(YEAR($C129),$D$1:$V$1,0))+12*INDEX($D129:$V129,1,MATCH(YEAR($C129)+1,$D$1:$V$1,0))+12*INDEX($D129:$V129,1,MATCH(YEAR($C129)+2,$D$1:$V$1,0))+12*INDEX($D129:$V129,1,MATCH(YEAR($C129)+3,$D$1:$V$1,0))+12*INDEX($D129:$V129,1,MATCH(YEAR($C129)+4,$D$1:$V$1,0))+(MONTH($C129)-1)*INDEX($D129:$V129,1,MATCH(YEAR($C129)+5,$D$1:$V$1,0)))/60 -> 226.96667 | Z129: =AVERAGE($Y$2:$Y$198) -> 198.26369 | AA129: 18.85 | AB129: 44.63 | AC129: 78.77 | AD129: 390 | AE129: =$AD129+$AA129 -> 408.85 | AF129: =$AD129+$AB129 -> 434.63 | AG129: =$AD129+$AC129 -> 468.77 | AH129: =(AD129-W129)/AD129 -> 0.37122507 | AI129: =INDEX($D129:$V129,MATCH(YEAR($C129),$D$1:$V$1,0)) -> 293 | AJ129: =INDEX($D129:$V129,MATCH((YEAR($C129)+1),$D$1:$V$1,0)) -> 268 | AK129: =INDEX($D129:$V129,MATCH((YEAR($C129)+2),$D$1:$V$1,0)) -> 226 | AL129: =INDEX($D129:$V129,MATCH((YEAR($C129)+3),$D$1:$V$1,0)) -> 205 | AM129: =INDEX($D129:$V129,MATCH((YEAR($C129)+4),$D$1:$V$1,0)) -> 200
A130: 0.0042 | B130: 0.0048 | C130: 45901 | N130: 333 | O130: 289 | P130: 241 | Q130: 220 | R130: =Q130-5 -> 215 | S130: =R130-5 -> 210 | T130: =S130-10 -> 200 | W130: =((13-MONTH($C130))*INDEX($D130:$V130,1,MATCH(YEAR($C130),$D$1:$V$1,0))+12*INDEX($D130:$V130,1,MATCH(YEAR($C130)+1,$D$1:$V$1,0))+12*INDEX($D130:$V130,1,MATCH(YEAR($C130)+2,$D$1:$V$1,0))+(MONTH($C130)-1)*INDEX($D130:$V130,1,MATCH(YEAR($C130)+3,$D$1:$V$1,0)))/36 -> 262.55556 | X130: =AVERAGE($W$2:$W$198) -> 205.00794 | Y130: =((13-MONTH($C130))*INDEX($D130:$V130,1,MATCH(YEAR($C130),$D$1:$V$1,0))+12*INDEX($D130:$V130,1,MATCH(YEAR($C130)+1,$D$1:$V$1,0))+12*INDEX($D130:$V130,1,MATCH(YEAR($C130)+2,$D$1:$V$1,0))+12*INDEX($D130:$V130,1,MATCH(YEAR($C130)+3,$D$1:$V$1,0))+12*INDEX($D130:$V130,1,MATCH(YEAR($C130)+4,$D$1:$V$1,0))+(MONTH($C130)-1)*INDEX($D130:$V130,1,MATCH(YEAR($C130)+5,$D$1:$V$1,0)))/60 -> 243.2 | Z130: =AVERAGE($Y$2:$Y$198) -> 198.26369 | AA130: 18.85 | AB130: 44.63 | AC130: 78.77 | AD130: 390 | AE130: =$AD130+$AA130 -> 408.85 | AF130: =$AD130+$AB130 -> 434.63 | AG130: =$AD130+$AC130 -> 468.77 | AH130: =(AD130-W130)/AD130 -> 0.32678063 | AI130: =INDEX($D130:$V130,MATCH(YEAR($C130),$D$1:$V$1,0)) -> 333 | AJ130: =INDEX($D130:$V130,MATCH((YEAR($C130)+1),$D$1:$V$1,0)) -> 289 | AK130: =INDEX($D130:$V130,MATCH((YEAR($C130)+2),$D$1:$V$1,0)) -> 241 | AL130: =INDEX($D130:$V130,MATCH((YEAR($C130)+3),$D$1:$V$1,0)) -> 220 | AM130: =INDEX($D130:$V130,MATCH((YEAR($C130)+4),$D$1:$V$1,0)) -> 215
A131: -0.0036 | B131: 0.0009 | C131: 45931 | N131: 322 | O131: 281 | P131: 242 | Q131: 230 | R131: =Q131-5 -> 225 | S131: =R131-5 -> 220 | T131: =S131-10 -> 210 | W131: =((13-MONTH($C131))*INDEX($D131:$V131,1,MATCH(YEAR($C131),$D$1:$V$1,0))+12*INDEX($D131:$V131,1,MATCH(YEAR($C131)+1,$D$1:$V$1,0))+12*INDEX($D131:$V131,1,MATCH(YEAR($C131)+2,$D$1:$V$1,0))+(MONTH($C131)-1)*INDEX($D131:$V131,1,MATCH(YEAR($C131)+3,$D$1:$V$1,0)))/36 -> 258.66667 | X131: =AVERAGE($W$2:$W$198) -> 205.00794 | Y131: =((13-MONTH($C131))*INDEX($D131:$V131,1,MATCH(YEAR($C131),$D$1:$V$1,0))+12*INDEX($D131:$V131,1,MATCH(YEAR($C131)+1,$D$1:$V$1,0))+12*INDEX($D131:$V131,1,MATCH(YEAR($C131)+2,$D$1:$V$1,0))+12*INDEX($D131:$V131,1,MATCH(YEAR($C131)+3,$D$1:$V$1,0))+12*INDEX($D131:$V131,1,MATCH(YEAR($C131)+4,$D$1:$V$1,0))+(MONTH($C131)-1)*INDEX($D131:$V131,1,MATCH(YEAR($C131)+5,$D$1:$V$1,0)))/60 -> 244.7 | Z131: =AVERAGE($Y$2:$Y$198) -> 198.26369 | AA131: 18.85 | AB131: 44.63 | AC131: 78.77 | AD131: 390 | AE131: =$AD131+$AA131 -> 408.85 | AF131: =$AD131+$AB131 -> 434.63 | AG131: =$AD131+$AC131 -> 468.77 | AH131: =(AD131-W131)/AD131 -> 0.33675214 | AI131: =INDEX($D131:$V131,MATCH(YEAR($C131),$D$1:$V$1,0)) -> 322 | AJ131: =INDEX($D131:$V131,MATCH((YEAR($C131)+1),$D$1:$V$1,0)) -> 281 | AK131: =INDEX($D131:$V131,MATCH((YEAR($C131)+2),$D$1:$V$1,0)) -> 242 | AL131: =INDEX($D131:$V131,MATCH((YEAR($C131)+3),$D$1:$V$1,0)) -> 230 | AM131: =INDEX($D131:$V131,MATCH((YEAR($C131)+4),$D$1:$V$1,0)) -> 225
A132: 0.0027 | B132: 0.0018 | C132: 45962 | N132: 295 | O132: 279 | P132: 233 | Q132: 225 | R132: =Q132-5 -> 220 | S132: =R132-5 -> 215 | T132: =S132-10 -> 205 | W132: =((13-MONTH($C132))*INDEX($D132:$V132,1,MATCH(YEAR($C132),$D$1:$V$1,0))+12*INDEX($D132:$V132,1,MATCH(YEAR($C132)+1,$D$1:$V$1,0))+12*INDEX($D132:$V132,1,MATCH(YEAR($C132)+2,$D$1:$V$1,0))+(MONTH($C132)-1)*INDEX($D132:$V132,1,MATCH(YEAR($C132)+3,$D$1:$V$1,0)))/36 -> 249.55556 | X132: =AVERAGE($W$2:$W$198) -> 205.00794 | Y132: =((13-MONTH($C132))*INDEX($D132:$V132,1,MATCH(YEAR($C132),$D$1:$V$1,0))+12*INDEX($D132:$V132,1,MATCH(YEAR($C132)+1,$D$1:$V$1,0))+12*INDEX($D132:$V132,1,MATCH(YEAR($C132)+2,$D$1:$V$1,0))+12*INDEX($D132:$V132,1,MATCH(YEAR($C132)+3,$D$1:$V$1,0))+12*INDEX($D132:$V132,1,MATCH(YEAR($C132)+4,$D$1:$V$1,0))+(MONTH($C132)-1)*INDEX($D132:$V132,1,MATCH(YEAR($C132)+5,$D$1:$V$1,0)))/60 -> 237.06667 | Z132: =AVERAGE($Y$2:$Y$198) -> 198.26369 | AA132: 18.85 | AB132: 44.63 | AC132: 78.77 | AD132: 390 | AE132: =$AD132+$AA132 -> 408.85 | AF132: =$AD132+$AB132 -> 434.63 | AG132: =$AD132+$AC132 -> 468.77 | AH132: =(AD132-W132)/AD132 -> 0.36011396 | AI132: =INDEX($D132:$V132,MATCH(YEAR($C132),$D$1:$V$1,0)) -> 295 | AJ132: =INDEX($D132:$V132,MATCH((YEAR($C132)+1),$D$1:$V$1,0)) -> 279 | AK132: =INDEX($D132:$V132,MATCH((YEAR($C132)+2),$D$1:$V$1,0)) -> 233 | AL132: =INDEX($D132:$V132,MATCH((YEAR($C132)+3),$D$1:$V$1,0)) -> 225 | AM132: =INDEX($D132:$V132,MATCH((YEAR($C132)+4),$D$1:$V$1,0)) -> 220
A133: -0.0001 | B133: 0.0033 | C133: 45992 | N133: 312 | O133: 316 | P133: 265 | Q133: 260 | R133: 231 | S133: 205 | T133: =S133-10 -> 195 | W133: =((13-MONTH($C133))*INDEX($D133:$V133,1,MATCH(YEAR($C133),$D$1:$V$1,0))+12*INDEX($D133:$V133,1,MATCH(YEAR($C133)+1,$D$1:$V$1,0))+12*INDEX($D133:$V133,1,MATCH(YEAR($C133)+2,$D$1:$V$1,0))+(MONTH($C133)-1)*INDEX($D133:$V133,1,MATCH(YEAR($C133)+3,$D$1:$V$1,0)))/36 -> 281.77778 | X133: =AVERAGE($W$2:$W$198) -> 205.00794 | Y133: =((13-MONTH($C133))*INDEX($D133:$V133,1,MATCH(YEAR($C133),$D$1:$V$1,0))+12*INDEX($D133:$V133,1,MATCH(YEAR($C133)+1,$D$1:$V$1,0))+12*INDEX($D133:$V133,1,MATCH(YEAR($C133)+2,$D$1:$V$1,0))+12*INDEX($D133:$V133,1,MATCH(YEAR($C133)+3,$D$1:$V$1,0))+12*INDEX($D133:$V133,1,MATCH(YEAR($C133)+4,$D$1:$V$1,0))+(MONTH($C133)-1)*INDEX($D133:$V133,1,MATCH(YEAR($C133)+5,$D$1:$V$1,0)))/60 -> 257.18333 | Z133: =AVERAGE($Y$2:$Y$198) -> 198.26369 | AA133: 18.85 | AB133: 44.63 | AC133: 78.77 | AD133: 390 | AE133: =$AD133+$AA133 -> 408.85 | AF133: =$AD133+$AB133 -> 434.63 | AG133: =$AD133+$AC133 -> 468.77 | AH133: =(AD133-W133)/AD133 -> 0.27749288 | AI133: =INDEX($D133:$V133,MATCH(YEAR($C133),$D$1:$V$1,0)) -> 312 | AJ133: =INDEX($D133:$V133,MATCH((YEAR($C133)+1),$D$1:$V$1,0)) -> 316 | AK133: =INDEX($D133:$V133,MATCH((YEAR($C133)+2),$D$1:$V$1,0)) -> 265 | AL133: =INDEX($D133:$V133,MATCH((YEAR($C133)+3),$D$1:$V$1,0)) -> 260 | AM133: =INDEX($D133:$V133,MATCH((YEAR($C133)+4),$D$1:$V$1,0)) -> 231
A134: 0.0041 | B134: 0.0062 | C134: 46023 | O134: 364 | P134: 294 | Q134: 275 | R134: 255 | S134: 215 | T134: 203 | W134: =((13-MONTH($C134))*INDEX($D134:$V134,1,MATCH(YEAR($C134),$D$1:$V$1,0))+12*INDEX($D134:$V134,1,MATCH(YEAR($C134)+1,$D$1:$V$1,0))+12*INDEX($D134:$V134,1,MATCH(YEAR($C134)+2,$D$1:$V$1,0))+(MONTH($C134)-1)*INDEX($D134:$V134,1,MATCH(YEAR($C134)+3,$D$1:$V$1,0)))/36 -> 311 | X134: =AVERAGE($W$2:$W$198) -> 205.00794 | Y134: =((13-MONTH($C134))*INDEX($D134:$V134,1,MATCH(YEAR($C134),$D$1:$V$1,0))+12*INDEX($D134:$V134,1,MATCH(YEAR($C134)+1,$D$1:$V$1,0))+12*INDEX($D134:$V134,1,MATCH(YEAR($C134)+2,$D$1:$V$1,0))+12*INDEX($D134:$V134,1,MATCH(YEAR($C134)+3,$D$1:$V$1,0))+12*INDEX($D134:$V134,1,MATCH(YEAR($C134)+4,$D$1:$V$1,0))+(MONTH($C134)-1)*INDEX($D134:$V134,1,MATCH(YEAR($C134)+5,$D$1:$V$1,0)))/60 -> 280.6 | Z134: =AVERAGE($Y$2:$Y$198) -> 198.26369 | AA134: 18.85 | AB134: 44.63 | AC134: 78.77 | AD134: 390 | AE134: =$AD134+$AA134 -> 408.85 | AF134: =$AD134+$AB134 -> 434.63 | AG134: =$AD134+$AC134 -> 468.77 | AH134: =(AD134-W134)/AD134 -> 0.2025641 | AI134: =INDEX($D134:$V134,MATCH(YEAR($C134),$D$1:$V$1,0)) -> 364 | AJ134: =INDEX($D134:$V134,MATCH((YEAR($C134)+1),$D$1:$V$1,0)) -> 294 | AK134: =INDEX($D134:$V134,MATCH((YEAR($C134)+2),$D$1:$V$1,0)) -> 275 | AL134: =INDEX($D134:$V134,MATCH((YEAR($C134)+3),$D$1:$V$1,0)) -> 255 | AM134: =INDEX($D134:$V134,MATCH((YEAR($C134)+4),$D$1:$V$1,0)) -> 215
A135: -0.0073 | B135: 0.0054 | C135: 46054 | O135: 436 | P135: 314 | Q135: 298 | R135: 270 | S135: 247 | T135: 209 | W135: =((13-MONTH($C135))*INDEX($D135:$V135,1,MATCH(YEAR($C135),$D$1:$V$1,0))+12*INDEX($D135:$V135,1,MATCH(YEAR($C135)+1,$D$1:$V$1,0))+12*INDEX($D135:$V135,1,MATCH(YEAR($C135)+2,$D$1:$V$1,0))+(MONTH($C135)-1)*INDEX($D135:$V135,1,MATCH(YEAR($C135)+3,$D$1:$V$1,0)))/36 -> 344.72222 | X135: =AVERAGE($W$2:$W$198) -> 205.00794 | Y135: =((13-MONTH($C135))*INDEX($D135:$V135,1,MATCH(YEAR($C135),$D$1:$V$1,0))+12*INDEX($D135:$V135,1,MATCH(YEAR($C135)+1,$D$1:$V$1,0))+12*INDEX($D135:$V135,1,MATCH(YEAR($C135)+2,$D$1:$V$1,0))+12*INDEX($D135:$V135,1,MATCH(YEAR($C135)+3,$D$1:$V$1,0))+12*INDEX($D135:$V135,1,MATCH(YEAR($C135)+4,$D$1:$V$1,0))+(MONTH($C135)-1)*INDEX($D135:$V135,1,MATCH(YEAR($C135)+5,$D$1:$V$1,0)))/60 -> 309.21667 | Z135: =AVERAGE($Y$2:$Y$198) -> 198.26369 | AA135: 18.85 | AB135: 44.63 | AC135: 78.77 | AD135: 390 | AE135: =$AD135+$AA135 -> 408.85 | AF135: =$AD135+$AB135 -> 434.63 | AG135: =$AD135+$AC135 -> 468.77 | AH135: =(AD135-W135)/AD135 -> 0.11609687 | AI135: =INDEX($D135:$V135,MATCH(YEAR($C135),$D$1:$V$1,0)) -> 436 | AJ135: =INDEX($D135:$V135,MATCH((YEAR($C135)+1),$D$1:$V$1,0)) -> 314 | AK135: =INDEX($D135:$V135,MATCH((YEAR($C135)+2),$D$1:$V$1,0)) -> 298 | AL135: =INDEX($D135:$V135,MATCH((YEAR($C135)+3),$D$1:$V$1,0)) -> 270 | AM135: =INDEX($D135:$V135,MATCH((YEAR($C135)+4),$D$1:$V$1,0)) -> 247
A136: 0.0037 | B136: 0.0067 | C136: 46082 | O136: 400 | P136: 298 | Q136: 282 | R136: 261 | S136: 240 | T136: 218 | W136: =((13-MONTH($C136))*INDEX($D136:$V136,1,MATCH(YEAR($C136),$D$1:$V$1,0))+12*INDEX($D136:$V136,1,MATCH(YEAR($C136)+1,$D$1:$V$1,0))+12*INDEX($D136:$V136,1,MATCH(YEAR($C136)+2,$D$1:$V$1,0))+(MONTH($C136)-1)*INDEX($D136:$V136,1,MATCH(YEAR($C136)+3,$D$1:$V$1,0)))/36 -> 318.94444 | X136: =AVERAGE($W$2:$W$198) -> 205.00794 | Y136: =((13-MONTH($C136))*INDEX($D136:$V136,1,MATCH(YEAR($C136),$D$1:$V$1,0))+12*INDEX($D136:$V136,1,MATCH(YEAR($C136)+1,$D$1:$V$1,0))+12*INDEX($D136:$V136,1,MATCH(YEAR($C136)+2,$D$1:$V$1,0))+12*INDEX($D136:$V136,1,MATCH(YEAR($C136)+3,$D$1:$V$1,0))+12*INDEX($D136:$V136,1,MATCH(YEAR($C136)+4,$D$1:$V$1,0))+(MONTH($C136)-1)*INDEX($D136:$V136,1,MATCH(YEAR($C136)+5,$D$1:$V$1,0)))/60 -> 290.13333 | Z136: =AVERAGE($Y$2:$Y$198) -> 198.26369 | AA136: 18.85 | AB136: 44.63 | AC136: 78.77 | AD136: 390 | AE136: =$AD136+$AA136 -> 408.85 | AF136: =$AD136+$AB136 -> 434.63 | AG136: =$AD136+$AC136 -> 468.77 | AH136: =(AD136-W136)/AD136 -> 0.18219373 | AI136: =INDEX($D136:$V136,MATCH(YEAR($C136),$D$1:$V$1,0)) -> 400 | AJ136: =INDEX($D136:$V136,MATCH((YEAR($C136)+1),$D$1:$V$1,0)) -> 298 | AK136: =INDEX($D136:$V136,MATCH((YEAR($C136)+2),$D$1:$V$1,0)) -> 282 | AL136: =INDEX($D136:$V136,MATCH((YEAR($C136)+3),$D$1:$V$1,0)) -> 261 | AM136: =INDEX($D136:$V136,MATCH((YEAR($C136)+4),$D$1:$V$1,0)) -> 240
A137: 0.0132 | B137: 0.0067 | C137: 46113 | O137: 325 | P137: 296 | Q137: 280 | R137: 256 | S137: 231 | T137: 214 | W137: =((13-MONTH($C137))*INDEX($D137:$V137,1,MATCH(YEAR($C137),$D$1:$V$1,0))+12*INDEX($D137:$V137,1,MATCH(YEAR($C137)+1,$D$1:$V$1,0))+12*INDEX($D137:$V137,1,MATCH(YEAR($C137)+2,$D$1:$V$1,0))+(MONTH($C137)-1)*INDEX($D137:$V137,1,MATCH(YEAR($C137)+3,$D$1:$V$1,0)))/36 -> 294.58333 | X137: =AVERAGE($W$2:$W$198) -> 205.00794 | Y137: =((13-MONTH($C137))*INDEX($D137:$V137,1,MATCH(YEAR($C137),$D$1:$V$1,0))+12*INDEX($D137:$V137,1,MATCH(YEAR($C137)+1,$D$1:$V$1,0))+12*INDEX($D137:$V137,1,MATCH(YEAR($C137)+2,$D$1:$V$1,0))+12*INDEX($D137:$V137,1,MATCH(YEAR($C137)+3,$D$1:$V$1,0))+12*INDEX($D137:$V137,1,MATCH(YEAR($C137)+4,$D$1:$V$1,0))+(MONTH($C137)-1)*INDEX($D137:$V137,1,MATCH(YEAR($C137)+5,$D$1:$V$1,0)))/60 -> 272.05 | Z137: =AVERAGE($Y$2:$Y$198) -> 198.26369 | AA137: 18.85 | AB137: 44.63 | AC137: 78.77 | AD137: 390 | AE137: =$AD137+$AA137 -> 408.85 | AF137: =$AD137+$AB137 -> 434.63 | AG137: =$AD137+$AC137 -> 468.77 | AH137: =(AD137-W137)/AD137 -> 0.24465812 | AI137: =INDEX($D137:$V137,MATCH(YEAR($C137),$D$1:$V$1,0)) -> 325 | AJ137: =INDEX($D137:$V137,MATCH((YEAR($C137)+1),$D$1:$V$1,0)) -> 296 | AK137: =INDEX($D137:$V137,MATCH((YEAR($C137)+2),$D$1:$V$1,0)) -> 280 | AL137: =INDEX($D137:$V137,MATCH((YEAR($C137)+3),$D$1:$V$1,0)) -> 256 | AM137: =INDEX($D137:$V137,MATCH((YEAR($C137)+4),$D$1:$V$1,0)) -> 231
A138: 0.0084 | B138: 0.0058 | C138: 46143 | O138: 337 | P138: 317 | Q138: 293 | R138: 267 | S138: 249 | T138: 220 | W138: =((13-MONTH($C138))*INDEX($D138:$V138,1,MATCH(YEAR($C138),$D$1:$V$1,0))+12*INDEX($D138:$V138,1,MATCH(YEAR($C138)+1,$D$1:$V$1,0))+12*INDEX($D138:$V138,1,MATCH(YEAR($C138)+2,$D$1:$V$1,0))+(MONTH($C138)-1)*INDEX($D138:$V138,1,MATCH(YEAR($C138)+3,$D$1:$V$1,0)))/36 -> 307.88889 | X138: =AVERAGE($W$2:$W$198) -> 205.00794 | Y138: =((13-MONTH($C138))*INDEX($D138:$V138,1,MATCH(YEAR($C138),$D$1:$V$1,0))+12*INDEX($D138:$V138,1,MATCH(YEAR($C138)+1,$D$1:$V$1,0))+12*INDEX($D138:$V138,1,MATCH(YEAR($C138)+2,$D$1:$V$1,0))+12*INDEX($D138:$V138,1,MATCH(YEAR($C138)+3,$D$1:$V$1,0))+12*INDEX($D138:$V138,1,MATCH(YEAR($C138)+4,$D$1:$V$1,0))+(MONTH($C138)-1)*INDEX($D138:$V138,1,MATCH(YEAR($C138)+5,$D$1:$V$1,0)))/60 -> 284.8 | Z138: =AVERAGE($Y$2:$Y$198) -> 198.26369 | AA138: 18.85 | AB138: 44.63 | AC138: 78.77 | AD138: 390 | AE138: =$AD138+$AA138 -> 408.85 | AF138: =$AD138+$AB138 -> 434.63 | AG138: =$AD138+$AC138 -> 468.77 | AH138: =(AD138-W138)/AD138 -> 0.21054131 | AI138: =INDEX($D138:$V138,MATCH(YEAR($C138),$D$1:$V$1,0)) -> 337 | AJ138: =INDEX($D138:$V138,MATCH((YEAR($C138)+1),$D$1:$V$1,0)) -> 317 | AK138: =INDEX($D138:$V138,MATCH((YEAR($C138)+2),$D$1:$V$1,0)) -> 293 | AL138: =INDEX($D138:$V138,MATCH((YEAR($C138)+3),$D$1:$V$1,0)) -> 267 | AM138: =INDEX($D138:$V138,MATCH((YEAR($C138)+4),$D$1:$V$1,0)) -> 249
A139: -0.005 | B139: 0.0016 | C139: 46174 | O139: 314 | P139: 313 | Q139: 295 | R139: 270 | S139: 251 | T139: 222 | W139: =((13-MONTH($C139))*INDEX($D139:$V139,1,MATCH(YEAR($C139),$D$1:$V$1,0))+12*INDEX($D139:$V139,1,MATCH(YEAR($C139)+1,$D$1:$V$1,0))+12*INDEX($D139:$V139,1,MATCH(YEAR($C139)+2,$D$1:$V$1,0))+(MONTH($C139)-1)*INDEX($D139:$V139,1,MATCH(YEAR($C139)+3,$D$1:$V$1,0)))/36 -> 301.22222 | X139: =AVERAGE($W$2:$W$198) -> 205.00794 | Y139: =((13-MONTH($C139))*INDEX($D139:$V139,1,MATCH(YEAR($C139),$D$1:$V$1,0))+12*INDEX($D139:$V139,1,MATCH(YEAR($C139)+1,$D$1:$V$1,0))+12*INDEX($D139:$V139,1,MATCH(YEAR($C139)+2,$D$1:$V$1,0))+12*INDEX($D139:$V139,1,MATCH(YEAR($C139)+3,$D$1:$V$1,0))+12*INDEX($D139:$V139,1,MATCH(YEAR($C139)+4,$D$1:$V$1,0))+(MONTH($C139)-1)*INDEX($D139:$V139,1,MATCH(YEAR($C139)+5,$D$1:$V$1,0)))/60 -> 280.93333 | Z139: =AVERAGE($Y$2:$Y$198) -> 198.26369 | AA139: 18.85 | AB139: 44.63 | AC139: 78.77 | AD139: 390 | AE139: =$AD139+$AA139 -> 408.85 | AF139: =$AD139+$AB139 -> 434.63 | AG139: =$AD139+$AC139 -> 468.77 | AH139: =(AD139-W139)/AD139 -> 0.22763533 | AI139: =INDEX($D139:$V139,MATCH(YEAR($C139),$D$1:$V$1,0)) -> 314 | AJ139: =INDEX($D139:$V139,MATCH((YEAR($C139)+1),$D$1:$V$1,0)) -> 313 | AK139: =INDEX($D139:$V139,MATCH((YEAR($C139)+2),$D$1:$V$1,0)) -> 295 | AL139: =INDEX($D139:$V139,MATCH((YEAR($C139)+3),$D$1:$V$1,0)) -> 270 | AM139: =INDEX($D139:$V139,MATCH((YEAR($C139)+4),$D$1:$V$1,0)) -> 251
A140: -0.0116 | B140: 0.0007 | C140: 46204 | O140: 270 | P140: 315 | Q140: 288 | R140: 260 | S140: 246 | T140: 220 | W140: =((13-MONTH($C140))*INDEX($D140:$V140,1,MATCH(YEAR($C140),$D$1:$V$1,0))+12*INDEX($D140:$V140,1,MATCH(YEAR($C140)+1,$D$1:$V$1,0))+12*INDEX($D140:$V140,1,MATCH(YEAR($C140)+2,$D$1:$V$1,0))+(MONTH($C140)-1)*INDEX($D140:$V140,1,MATCH(YEAR($C140)+3,$D$1:$V$1,0)))/36 -> 289.33333 | X140: =AVERAGE($W$2:$W$198) -> 205.00794 | Y140: =((13-MONTH($C140))*INDEX($D140:$V140,1,MATCH(YEAR($C140),$D$1:$V$1,0))+12*INDEX($D140:$V140,1,MATCH(YEAR($C140)+1,$D$1:$V$1,0))+12*INDEX($D140:$V140,1,MATCH(YEAR($C140)+2,$D$1:$V$1,0))+12*INDEX($D140:$V140,1,MATCH(YEAR($C140)+3,$D$1:$V$1,0))+12*INDEX($D140:$V140,1,MATCH(YEAR($C140)+4,$D$1:$V$1,0))+(MONTH($C140)-1)*INDEX($D140:$V140,1,MATCH(YEAR($C140)+5,$D$1:$V$1,0)))/60 -> 270.8 | Z140: =AVERAGE($Y$2:$Y$198) -> 198.26369 | AA140: 18.85 | AB140: 44.63 | AC140: 78.77 | AD140: 390 | AE140: =$AD140+$AA140 -> 408.85 | AF140: =$AD140+$AB140 -> 434.63 | AG140: =$AD140+$AC140 -> 468.77 | AH140: =(AD140-W140)/AD140 -> 0.25811966 | AI140: =INDEX($D140:$V140,MATCH(YEAR($C140),$D$1:$V$1,0)) -> 270 | AJ140: =INDEX($D140:$V140,MATCH((YEAR($C140)+1),$D$1:$V$1,0)) -> 315 | AK140: =INDEX($D140:$V140,MATCH((YEAR($C140)+2),$D$1:$V$1,0)) -> 288 | AL140: =INDEX($D140:$V140,MATCH((YEAR($C140)+3),$D$1:$V$1,0)) -> 260 | AM140: =INDEX($D140:$V140,MATCH((YEAR($C140)+4),$D$1:$V$1,0)) -> 246
B141: -0.0032 | C141: 46235 | O141: 281 | P141: 322 | Q141: 302 | R141: 269 | S141: 253 | T141: 218 | W141: =((13-MONTH($C141))*INDEX($D141:$V141,1,MATCH(YEAR($C141),$D$1:$V$1,0))+12*INDEX($D141:$V141,1,MATCH(YEAR($C141)+1,$D$1:$V$1,0))+12*INDEX($D141:$V141,1,MATCH(YEAR($C141)+2,$D$1:$V$1,0))+(MONTH($C141)-1)*INDEX($D141:$V141,1,MATCH(YEAR($C141)+3,$D$1:$V$1,0)))/36 -> 299.33333 | X141: =AVERAGE($W$2:$W$198) -> 205.00794 | Y141: =((13-MONTH($C141))*INDEX($D141:$V141,1,MATCH(YEAR($C141),$D$1:$V$1,0))+12*INDEX($D141:$V141,1,MATCH(YEAR($C141)+1,$D$1:$V$1,0))+12*INDEX($D141:$V141,1,MATCH(YEAR($C141)+2,$D$1:$V$1,0))+12*INDEX($D141:$V141,1,MATCH(YEAR($C141)+3,$D$1:$V$1,0))+12*INDEX($D141:$V141,1,MATCH(YEAR($C141)+4,$D$1:$V$1,0))+(MONTH($C141)-1)*INDEX($D141:$V141,1,MATCH(YEAR($C141)+5,$D$1:$V$1,0)))/60 -> 278.05 | Z141: =AVERAGE($Y$2:$Y$198) -> 198.26369 | AA141: 18.85 | AB141: 44.63 | AC141: 78.77 | AD141: 390 | AE141: =$AD141+$AA141 -> 408.85 | AF141: =$AD141+$AB141 -> 434.63 | AG141: =$AD141+$AC141 -> 468.77 | AH141: =(AD141-W141)/AD141 -> 0.23247863 | AI141: =INDEX($D141:$V141,MATCH(YEAR($C141),$D$1:$V$1,0)) -> 281 | AJ141: =INDEX($D141:$V141,MATCH((YEAR($C141)+1),$D$1:$V$1,0)) -> 322 | AK141: =INDEX($D141:$V141,MATCH((YEAR($C141)+2),$D$1:$V$1,0)) -> 302 | AL141: =INDEX($D141:$V141,MATCH((YEAR($C141)+3),$D$1:$V$1,0)) -> 269 | AM141: =INDEX($D141:$V141,MATCH((YEAR($C141)+4),$D$1:$V$1,0)) -> 253
C142: 46266
C143: 46296
C144: 46327
C145: 46357

Sheet Atac-I50-SECOeS
A1: IGPM | B1: IPCA | D1: 2015 | E1: 2016 | F1: 2017 | G1: 2018 | H1: 2019 | I1: 2020 | J1: 2021 | K1: 2022 | L1: 2023 | M1: 2024 | N1: 2025 | O1: 2026 | P1: 2027 | Q1: 2028 | R1: 2029 | S1: 2030 | T1: 2031 | U1: 2032 | V1: 2033 | W1: Preços Mercado Livre (I50% - 36 meses futuros) | X1: Preços Mercado Livre - Média Histórica ACL de 36 meses Futuros | Y1: Preços Mercado Livre (I50% - 60 meses futuros) | Z1: Preços Mercado Livre - Média Histórica ACL de 60 meses Futuros | AA1: Ágio Amarela | AB1: Ágio Verm I | AC1: Ágio Verm II | AD1: Break even - Bandeira Verde | AE1: Break even - Bandeira Verde | AF1: Break even - Bandeira Amarela | AG1: Break even - Bandeira Vermelha I | AH1: Break even - Bandeira Vermelha II | AI1: Economia R$/MWh | AJ1: % Economia (Livre x Cativo) | AK1: Positivo | AL1: Negativo | AM1: A+0 (atual 2026) | AN1: A+1 (atual 2027) | AO1: A+2 (atual 2028) | AP1: A+3 (atual 2029) | AQ1: A+4 (atual 2030)
A86: =Forward!A86 -> 0.0182 | B86: =Forward!B86 -> 0.0054 | C86: 44562 | K86: =Forward!K86*(1+SUM($B86:$B$228)) -> 285.7374 | L86: =Forward!L86*(1+SUM($B86:$B$228)) -> 294.2851 | M86: =Forward!M86*(1+SUM($B86:$B$228)) -> 261.3154 | N86: =Forward!N86*(1+SUM($B86:$B$228)) -> 242.9989 | O86: =Forward!O86*(1+SUM($B86:$B$228)) -> 233.2301 | P86: =Forward!P86*(1+SUM($B86:$B$228)) -> 223.4613 | Q86: =Forward!Q86*(1+SUM($B86:$B$228)) -> 217.3558 | R86: =Forward!R86*(1+SUM($B86:$B$228)) -> 211.2503 | ... U86: =Forward!U86*(1+SUM($B86:$B$228)) -> 0 | W86: =((13-MONTH($C86))*INDEX($D86:$V86,1,MATCH(YEAR($C86),$D$1:$V$1,0))+12*INDEX($D86:$V86,1,MATCH(YEAR($C86)+1,$D$1:$V$1,0))+12*INDEX($D86:$V86,1,MATCH(YEAR($C86)+2,$D$1:$V$1,0))+(MONTH($C86)-1)*INDEX($D86:$V86,1,MATCH(YEAR($C86)+3,$D$1:$V$1,0)))/36 -> 280.44597 | X86: =AVERAGE($W$2:$W$198) -> 223.32806 | Y86: =((13-MONTH($C86))*INDEX($D86:$V86,1,MATCH(YEAR($C86),$D$1:$V$1,0))+12*INDEX($D86:$V86,1,MATCH(YEAR($C86)+1,$D$1:$V$1,0))+12*INDEX($D86:$V86,1,MATCH(YEAR($C86)+2,$D$1:$V$1,0))+12*INDEX($D86:$V86,1,MATCH(YEAR($C86)+3,$D$1:$V$1,0))+12*INDEX($D86:$V86,1,MATCH(YEAR($C86)+4,$D$1:$V$1,0))+(MONTH($C86)-1)*INDEX($D86:$V86,1,MATCH(YEAR($C86)+5,$D$1:$V$1,0)))/60 -> 263.51338 | Z86: =AVERAGE($Y$2:$Y$198) -> 216.50022 | AA86: =IF(MONTH($C86)=1,Forward!AA86*(1+SUM($B86:$B$228)),AA85) -> 36.498679 | AB86: =IF(MONTH($C86)=1,Forward!AB86*(1+SUM($B86:$B$228)),AB85) -> 79.3715 | AC86: =IF(MONTH($C86)=1,Forward!AC86*(1+SUM($B86:$B$228)),AC85) -> 119.60675 | AD86: =IF(MONTH($C86)=1,Forward!AD86*(1+SUM($B86:$B$228)),AD85) -> 366.33 | AE86: =AD86*(1+2%) -> 373.6566 | AF86: =$AE86+$AA86 -> 410.15528 | AG86: =$AE86+$AB86 -> 453.0281 | AH86: =$AE86+$AC86 -> 493.26335 | AI86: =(AE86-W86) -> 93.210633 | AJ86: =(AE86-W86)/AE86 -> 0.24945534 | AK86: =IF(AJ86>0,AJ86,0) -> 0.24945534 | AL86: =IF(AJ86<0,AJ86,0) -> 0 | AM86: =Forward!AI86*(1+SUM($B86:$B$228)) -> 285.7374 | AN86: =Forward!AJ86*(1+SUM($B86:$B$228)) -> 294.2851 | AO86: =Forward!AK86*(1+SUM($B86:$B$228)) -> 261.3154 | AP86: =Forward!AL86*(1+SUM($B86:$B$228)) -> 242.9989 | AQ86: =Forward!AM86*(1+SUM($B86:$B$228)) -> 233.2301
A87: =Forward!A87 -> 0.0183 | B87: =Forward!B87 -> 0.0101 | C87: 44593 | K87: =Forward!K87*(1+SUM($B87:$B$228)) -> 210.3161 | L87: =Forward!L87*(1+SUM($B87:$B$228)) -> 284.4738 | M87: =Forward!M87*(1+SUM($B87:$B$228)) -> 266.2383 | N87: =Forward!N87*(1+SUM($B87:$B$228)) -> 244.3557 | O87: =Forward!O87*(1+SUM($B87:$B$228)) -> 234.6301 | P87: =Forward!P87*(1+SUM($B87:$B$228)) -> 224.9045 | Q87: =Forward!Q87*(1+SUM($B87:$B$228)) -> 218.826 | R87: =Forward!R87*(1+SUM($B87:$B$228)) -> 212.7475 | ... U87: =Forward!U87*(1+SUM($B87:$B$228)) -> 0 | W87: =((13-MONTH($C87))*INDEX($D87:$V87,1,MATCH(YEAR($C87),$D$1:$V$1,0))+12*INDEX($D87:$V87,1,MATCH(YEAR($C87)+1,$D$1:$V$1,0))+12*INDEX($D87:$V87,1,MATCH(YEAR($C87)+2,$D$1:$V$1,0))+(MONTH($C87)-1)*INDEX($D87:$V87,1,MATCH(YEAR($C87)+3,$D$1:$V$1,0)))/36 -> 254.62161 | X87: =AVERAGE($W$2:$W$198) -> 223.32806 | Y87: =((13-MONTH($C87))*INDEX($D87:$V87,1,MATCH(YEAR($C87),$D$1:$V$1,0))+12*INDEX($D87:$V87,1,MATCH(YEAR($C87)+1,$D$1:$V$1,0))+12*INDEX($D87:$V87,1,MATCH(YEAR($C87)+2,$D$1:$V$1,0))+12*INDEX($D87:$V87,1,MATCH(YEAR($C87)+3,$D$1:$V$1,0))+12*INDEX($D87:$V87,1,MATCH(YEAR($C87)+4,$D$1:$V$1,0))+(MONTH($C87)-1)*INDEX($D87:$V87,1,MATCH(YEAR($C87)+5,$D$1:$V$1,0)))/60 -> 248.24594 | Z87: =AVERAGE($Y$2:$Y$198) -> 216.50022 | AA87: =IF(MONTH($C87)=1,Forward!AA87*(1+SUM($B87:$B$228)),AA86) -> 36.498679 | AB87: =IF(MONTH($C87)=1,Forward!AB87*(1+SUM($B87:$B$228)),AB86) -> 79.3715 | AC87: =IF(MONTH($C87)=1,Forward!AC87*(1+SUM($B87:$B$228)),AC86) -> 119.60675 | AD87: =IF(MONTH($C87)=1,Forward!AD87*(1+SUM($B87:$B$228)),AD86) -> 366.33 | AE87: =AD87*(1+2%) -> 373.6566 | AF87: =$AE87+$AA87 -> 410.15528 | AG87: =$AE87+$AB87 -> 453.0281 | AH87: =$AE87+$AC87 -> 493.26335 | AI87: =(AE87-W87) -> 119.03499 | AJ87: =(AE87-W87)/AE87 -> 0.31856787 | AK87: =IF(AJ87>0,AJ87,0) -> 0.31856787 | AL87: =IF(AJ87<0,AJ87,0) -> 0 | AM87: =Forward!AI87*(1+SUM($B87:$B$228)) -> 210.3161 | AN87: =Forward!AJ87*(1+SUM($B87:$B$228)) -> 284.4738 | AO87: =Forward!AK87*(1+SUM($B87:$B$228)) -> 266.2383 | AP87: =Forward!AL87*(1+SUM($B87:$B$228)) -> 244.3557 | AQ87: =Forward!AM87*(1+SUM($B87:$B$228)) -> 234.6301
A88: =Forward!A88 -> 0.0174 | B88: =Forward!B88 -> 0.0162 | C88: 44621 | K88: =Forward!K88*(1+SUM($B88:$B$228)) -> 231.4752 | L88: =Forward!L88*(1+SUM($B88:$B$228)) -> 311.0448 | M88: =Forward!M88*(1+SUM($B88:$B$228)) -> 271.26 | N88: =Forward!N88*(1+SUM($B88:$B$228)) -> 241.12 | O88: =Forward!O88*(1+SUM($B88:$B$228)) -> 231.4752 | P88: =Forward!P88*(1+SUM($B88:$B$228)) -> 221.8304 | Q88: =Forward!Q88*(1+SUM($B88:$B$228)) -> 215.8024 | R88: =Forward!R88*(1+SUM($B88:$B$228)) -> 209.7744 | ... U88: =Forward!U88*(1+SUM($B88:$B$228)) -> 0 | W88: =((13-MONTH($C88))*INDEX($D88:$V88,1,MATCH(YEAR($C88),$D$1:$V$1,0))+12*INDEX($D88:$V88,1,MATCH(YEAR($C88)+1,$D$1:$V$1,0))+12*INDEX($D88:$V88,1,MATCH(YEAR($C88)+2,$D$1:$V$1,0))+(MONTH($C88)-1)*INDEX($D88:$V88,1,MATCH(YEAR($C88)+3,$D$1:$V$1,0)))/36 -> 271.79582 | X88: =AVERAGE($W$2:$W$198) -> 223.32806 | Y88: =((13-MONTH($C88))*INDEX($D88:$V88,1,MATCH(YEAR($C88),$D$1:$V$1,0))+12*INDEX($D88:$V88,1,MATCH(YEAR($C88)+1,$D$1:$V$1,0))+12*INDEX($D88:$V88,1,MATCH(YEAR($C88)+2,$D$1:$V$1,0))+12*INDEX($D88:$V88,1,MATCH(YEAR($C88)+3,$D$1:$V$1,0))+12*INDEX($D88:$V88,1,MATCH(YEAR($C88)+4,$D$1:$V$1,0))+(MONTH($C88)-1)*INDEX($D88:$V88,1,MATCH(YEAR($C88)+5,$D$1:$V$1,0)))/60 -> 256.95355 | Z88: =AVERAGE($Y$2:$Y$198) -> 216.50022 | AA88: =IF(MONTH($C88)=1,Forward!AA88*(1+SUM($B88:$B$228)),AA87) -> 36.498679 | AB88: =IF(MONTH($C88)=1,Forward!AB88*(1+SUM($B88:$B$228)),AB87) -> 79.3715 | AC88: =IF(MONTH($C88)=1,Forward!AC88*(1+SUM($B88:$B$228)),AC87) -> 119.60675 | AD88: =IF(MONTH($C88)=1,Forward!AD88*(1+SUM($B88:$B$228)),AD87) -> 366.33 | AE88: =AD88*(1+2%) -> 373.6566 | AF88: =$AE88+$AA88 -> 410.15528 | AG88: =$AE88+$AB88 -> 453.0281 | AH88: =$AE88+$AC88 -> 493.26335 | AI88: =(AE88-W88) -> 101.86078 | AJ88: =(AE88-W88)/AE88 -> 0.27260532 | AK88: =IF(AJ88>0,AJ88,0) -> 0.27260532 | AL88: =IF(AJ88<0,AJ88,0) -> 0 | AM88: =Forward!AI88*(1+SUM($B88:$B$228)) -> 231.4752 | AN88: =Forward!AJ88*(1+SUM($B88:$B$228)) -> 311.0448 | AO88: =Forward!AK88*(1+SUM($B88:$B$228)) -> 271.26 | AP88: =Forward!AL88*(1+SUM($B88:$B$228)) -> 241.12 | AQ88: =Forward!AM88*(1+SUM($B88:$B$228)) -> 231.4752
A89: =Forward!A89 -> 0.0141 | B89: =Forward!B89 -> 0.0106 | C89: 44652 | K89: =Forward!K89*(1+SUM($B89:$B$228)) -> 204.5768 | L89: =Forward!L89*(1+SUM($B89:$B$228)) -> 306.8652 | M89: =Forward!M89*(1+SUM($B89:$B$228)) -> 277.1302 | N89: =Forward!N89*(1+SUM($B89:$B$228)) -> 240.2588 | O89: =Forward!O89*(1+SUM($B89:$B$228)) -> 230.7436 | P89: =Forward!P89*(1+SUM($B89:$B$228)) -> 221.2284 | Q89: =Forward!Q89*(1+SUM($B89:$B$228)) -> 215.2814 | R89: =Forward!R89*(1+SUM($B89:$B$228)) -> 209.3344 | ... U89: =Forward!U89*(1+SUM($B89:$B$228)) -> 0 | W89: =((13-MONTH($C89))*INDEX($D89:$V89,1,MATCH(YEAR($C89),$D$1:$V$1,0))+12*INDEX($D89:$V89,1,MATCH(YEAR($C89)+1,$D$1:$V$1,0))+12*INDEX($D89:$V89,1,MATCH(YEAR($C89)+2,$D$1:$V$1,0))+(MONTH($C89)-1)*INDEX($D89:$V89,1,MATCH(YEAR($C89)+3,$D$1:$V$1,0)))/36 -> 265.8309 | X89: =AVERAGE($W$2:$W$198) -> 223.32806 | Y89: =((13-MONTH($C89))*INDEX($D89:$V89,1,MATCH(YEAR($C89),$D$1:$V$1,0))+12*INDEX($D89:$V89,1,MATCH(YEAR($C89)+1,$D$1:$V$1,0))+12*INDEX($D89:$V89,1,MATCH(YEAR($C89)+2,$D$1:$V$1,0))+12*INDEX($D89:$V89,1,MATCH(YEAR($C89)+3,$D$1:$V$1,0))+12*INDEX($D89:$V89,1,MATCH(YEAR($C89)+4,$D$1:$V$1,0))+(MONTH($C89)-1)*INDEX($D89:$V89,1,MATCH(YEAR($C89)+5,$D$1:$V$1,0)))/60 -> 252.7475 | Z89: =AVERAGE($Y$2:$Y$198) -> 216.50022 | AA89: =IF(MONTH($C89)=1,Forward!AA89*(1+SUM($B89:$B$228)),AA88) -> 36.498679 | AB89: =IF(MONTH($C89)=1,Forward!AB89*(1+SUM($B89:$B$228)),AB88) -> 79.3715 | AC89: =IF(MONTH($C89)=1,Forward!AC89*(1+SUM($B89:$B$228)),AC88) -> 119.60675 | AD89: =IF(MONTH($C89)=1,Forward!AD89*(1+SUM($B89:$B$228)),AD88) -> 366.33 | AE89: =AD89*(1+2%) -> 373.6566 | AF89: =$AE89+$AA89 -> 410.15528 | AG89: =$AE89+$AB89 -> 453.0281 | AH89: =$AE89+$AC89 -> 493.26335 | AI89: =(AE89-W89) -> 107.8257 | AJ89: =(AE89-W89)/AE89 -> 0.28856897 | AK89: =IF(AJ89>0,AJ89,0) -> 0.28856897 | AL89: =IF(AJ89<0,AJ89,0) -> 0 | AM89: =Forward!AI89*(1+SUM($B89:$B$228)) -> 204.5768 | AN89: =Forward!AJ89*(1+SUM($B89:$B$228)) -> 306.8652 | AO89: =Forward!AK89*(1+SUM($B89:$B$228)) -> 277.1302 | AP89: =Forward!AL89*(1+SUM($B89:$B$228)) -> 240.2588 | AQ89: =Forward!AM89*(1+SUM($B89:$B$228)) -> 230.7436
A90: =Forward!A90 -> 0.0052 | B90: =Forward!B90 -> 0.0047 | C90: 44682 | K90: =Forward!K90*(1+SUM($B90:$B$228)) -> 200.396 | L90: =Forward!L90*(1+SUM($B90:$B$228)) -> 277.018 | M90: =Forward!M90*(1+SUM($B90:$B$228)) -> 268.7664 | N90: =Forward!N90*(1+SUM($B90:$B$228)) -> 245.1904 | O90: =Forward!O90*(1+SUM($B90:$B$228)) -> 235.76 | P90: =Forward!P90*(1+SUM($B90:$B$228)) -> 226.3296 | Q90: =Forward!Q90*(1+SUM($B90:$B$228)) -> 220.4356 | R90: =Forward!R90*(1+SUM($B90:$B$228)) -> 214.5416 | ... U90: =Forward!U90*(1+SUM($B90:$B$228)) -> 0 | W90: =((13-MONTH($C90))*INDEX($D90:$V90,1,MATCH(YEAR($C90),$D$1:$V$1,0))+12*INDEX($D90:$V90,1,MATCH(YEAR($C90)+1,$D$1:$V$1,0))+12*INDEX($D90:$V90,1,MATCH(YEAR($C90)+2,$D$1:$V$1,0))+(MONTH($C90)-1)*INDEX($D90:$V90,1,MATCH(YEAR($C90)+3,$D$1:$V$1,0)))/36 -> 253.70396 | X90: =AVERAGE($W$2:$W$198) -> 223.32806 | Y90: =((13-MONTH($C90))*INDEX($D90:$V90,1,MATCH(YEAR($C90),$D$1:$V$1,0))+12*INDEX($D90:$V90,1,MATCH(YEAR($C90)+1,$D$1:$V$1,0))+12*INDEX($D90:$V90,1,MATCH(YEAR($C90)+2,$D$1:$V$1,0))+12*INDEX($D90:$V90,1,MATCH(YEAR($C90)+3,$D$1:$V$1,0))+12*INDEX($D90:$V90,1,MATCH(YEAR($C90)+4,$D$1:$V$1,0))+(MONTH($C90)-1)*INDEX($D90:$V90,1,MATCH(YEAR($C90)+5,$D$1:$V$1,0)))/60 -> 247.15507 | Z90: =AVERAGE($Y$2:$Y$198) -> 216.50022 | AA90: =IF(MONTH($C90)=1,Forward!AA90*(1+SUM($B90:$B$228)),AA89) -> 36.498679 | AB90: =IF(MONTH($C90)=1,Forward!AB90*(1+SUM($B90:$B$228)),AB89) -> 79.3715 | AC90: =IF(MONTH($C90)=1,Forward!AC90*(1+SUM($B90:$B$228)),AC89) -> 119.60675 | AD90: =IF(MONTH($C90)=1,Forward!AD90*(1+SUM($B90:$B$228)),AD89) -> 366.33 | AE90: =AD90*(1+2%) -> 373.6566 | AF90: =$AE90+$AA90 -> 410.15528 | AG90: =$AE90+$AB90 -> 453.0281 | AH90: =$AE90+$AC90 -> 493.26335 | AI90: =(AE90-W90) -> 119.95264 | AJ90: =(AE90-W90)/AE90 -> 0.32102375 | AK90: =IF(AJ90>0,AJ90,0) -> 0.32102375 | AL90: =IF(AJ90<0,AJ90,0) -> 0 | AM90: =Forward!AI90*(1+SUM($B90:$B$228)) -> 200.396 | AN90: =Forward!AJ90*(1+SUM($B90:$B$228)) -> 277.018 | AO90: =Forward!AK90*(1+SUM($B90:$B$228)) -> 268.7664 | AP90: =Forward!AL90*(1+SUM($B90:$B$228)) -> 245.1904 | AQ90: =Forward!AM90*(1+SUM($B90:$B$228)) -> 235.76
A91: =Forward!A91 -> 0.0059 | B91: =Forward!B91 -> 0.0067 | C91: 44713 | K91: =Forward!K91*(1+SUM($B91:$B$228)) -> 192.5524 | L91: =Forward!L91*(1+SUM($B91:$B$228)) -> 272.3912 | M91: =Forward!M91*(1+SUM($B91:$B$228)) -> 261.8243 | N91: =Forward!N91*(1+SUM($B91:$B$228)) -> 237.1682 | O91: =Forward!O91*(1+SUM($B91:$B$228)) -> 227.7754 | P91: =Forward!P91*(1+SUM($B91:$B$228)) -> 218.3826 | Q91: =Forward!Q91*(1+SUM($B91:$B$228)) -> 212.5121 | R91: =Forward!R91*(1+SUM($B91:$B$228)) -> 206.6416 | ... U91: =Forward!U91*(1+SUM($B91:$B$228)) -> 0 | W91: =((13-MONTH($C91))*INDEX($D91:$V91,1,MATCH(YEAR($C91),$D$1:$V$1,0))+12*INDEX($D91:$V91,1,MATCH(YEAR($C91)+1,$D$1:$V$1,0))+12*INDEX($D91:$V91,1,MATCH(YEAR($C91)+2,$D$1:$V$1,0))+(MONTH($C91)-1)*INDEX($D91:$V91,1,MATCH(YEAR($C91)+3,$D$1:$V$1,0)))/36 -> 248.45261 | X91: =AVERAGE($W$2:$W$198) -> 223.32806 | Y91: =((13-MONTH($C91))*INDEX($D91:$V91,1,MATCH(YEAR($C91),$D$1:$V$1,0))+12*INDEX($D91:$V91,1,MATCH(YEAR($C91)+1,$D$1:$V$1,0))+12*INDEX($D91:$V91,1,MATCH(YEAR($C91)+2,$D$1:$V$1,0))+12*INDEX($D91:$V91,1,MATCH(YEAR($C91)+3,$D$1:$V$1,0))+12*INDEX($D91:$V91,1,MATCH(YEAR($C91)+4,$D$1:$V$1,0))+(MONTH($C91)-1)*INDEX($D91:$V91,1,MATCH(YEAR($C91)+5,$D$1:$V$1,0)))/60 -> 240.49482 | Z91: =AVERAGE($Y$2:$Y$198) -> 216.50022 | AA91: =IF(MONTH($C91)=1,Forward!AA91*(1+SUM($B91:$B$228)),AA90) -> 36.498679 | AB91: =IF(MONTH($C91)=1,Forward!AB91*(1+SUM($B91:$B$228)),AB90) -> 79.3715 | AC91: =IF(MONTH($C91)=1,Forward!AC91*(1+SUM($B91:$B$228)),AC90) -> 119.60675 | AD91: =IF(MONTH($C91)=1,Forward!AD91*(1+SUM($B91:$B$228)),AD90) -> 366.33 | AE91: =AD91*(1+2%) -> 373.6566 | AF91: =$AE91+$AA91 -> 410.15528 | AG91: =$AE91+$AB91 -> 453.0281 | AH91: =$AE91+$AC91 -> 493.26335 | AI91: =(AE91-W91) -> 125.20399 | AJ91: =(AE91-W91)/AE91 -> 0.3350777 | AK91: =IF(AJ91>0,AJ91,0) -> 0.3350777 | AL91: =IF(AJ91<0,AJ91,0) -> 0 | AM91: =Forward!AI91*(1+SUM($B91:$B$228)) -> 192.5524 | AN91: =Forward!AJ91*(1+SUM($B91:$B$228)) -> 272.3912 | AO91: =Forward!AK91*(1+SUM($B91:$B$228)) -> 261.8243 | AP91: =Forward!AL91*(1+SUM($B91:$B$228)) -> 237.1682 | AQ91: =Forward!AM91*(1+SUM($B91:$B$228)) -> 227.7754
A92: =Forward!A92 -> 0.0021 | B92: =Forward!B92 -> -0.0068 | C92: 44743 | K92: =Forward!K92*(1+SUM($B92:$B$228)) -> 113.2378 | L92: =Forward!L92*(1+SUM($B92:$B$228)) -> 253.3258 | M92: =Forward!M92*(1+SUM($B92:$B$228)) -> 253.3258 | N92: =Forward!N92*(1+SUM($B92:$B$228)) -> 236.9822 | O92: =Forward!O92*(1+SUM($B92:$B$228)) -> 227.643 | P92: =Forward!P92*(1+SUM($B92:$B$228)) -> 218.3038 | Q92: =Forward!Q92*(1+SUM($B92:$B$228)) -> 212.4668 | R92: =Forward!R92*(1+SUM($B92:$B$228)) -> 206.6298 | ... U92: =Forward!U92*(1+SUM($B92:$B$228)) -> 0 | W92: =((13-MONTH($C92))*INDEX($D92:$V92,1,MATCH(YEAR($C92),$D$1:$V$1,0))+12*INDEX($D92:$V92,1,MATCH(YEAR($C92)+1,$D$1:$V$1,0))+12*INDEX($D92:$V92,1,MATCH(YEAR($C92)+2,$D$1:$V$1,0))+(MONTH($C92)-1)*INDEX($D92:$V92,1,MATCH(YEAR($C92)+3,$D$1:$V$1,0)))/36 -> 227.25387 | X92: =AVERAGE($W$2:$W$198) -> 223.32806 | Y92: =((13-MONTH($C92))*INDEX($D92:$V92,1,MATCH(YEAR($C92),$D$1:$V$1,0))+12*INDEX($D92:$V92,1,MATCH(YEAR($C92)+1,$D$1:$V$1,0))+12*INDEX($D92:$V92,1,MATCH(YEAR($C92)+2,$D$1:$V$1,0))+12*INDEX($D92:$V92,1,MATCH(YEAR($C92)+3,$D$1:$V$1,0))+12*INDEX($D92:$V92,1,MATCH(YEAR($C92)+4,$D$1:$V$1,0))+(MONTH($C92)-1)*INDEX($D92:$V92,1,MATCH(YEAR($C92)+5,$D$1:$V$1,0)))/60 -> 227.40952 | Z92: =AVERAGE($Y$2:$Y$198) -> 216.50022 | AA92: =IF(MONTH($C92)=1,Forward!AA92*(1+SUM($B92:$B$228)),AA91) -> 36.498679 | AB92: =IF(MONTH($C92)=1,Forward!AB92*(1+SUM($B92:$B$228)),AB91) -> 79.3715 | AC92: =IF(MONTH($C92)=1,Forward!AC92*(1+SUM($B92:$B$228)),AC91) -> 119.60675 | AD92: =IF(MONTH($C92)=1,Forward!AD92*(1+SUM($B92:$B$228)),AD91) -> 366.33 | AE92: =AD92*(1+2%) -> 373.6566 | AF92: =$AE92+$AA92 -> 410.15528 | AG92: =$AE92+$AB92 -> 453.0281 | AH92: =$AE92+$AC92 -> 493.26335 | AI92: =(AE92-W92) -> 146.40273 | AJ92: =(AE92-W92)/AE92 -> 0.39181091 | AK92: =IF(AJ92>0,AJ92,0) -> 0.39181091 | AL92: =IF(AJ92<0,AJ92,0) -> 0 | AM92: =Forward!AI92*(1+SUM($B92:$B$228)) -> 113.2378 | AN92: =Forward!AJ92*(1+SUM($B92:$B$228)) -> 253.3258 | AO92: =Forward!AK92*(1+SUM($B92:$B$228)) -> 253.3258 | AP92: =Forward!AL92*(1+SUM($B92:$B$228)) -> 236.9822 | AQ92: =Forward!AM92*(1+SUM($B92:$B$228)) -> 227.643
A93: =Forward!A93 -> -0.007 | B93: =Forward!B93 -> -0.0036 | C93: 44774 | K93: =Forward!K93*(1+SUM($B93:$B$228)) -> 116.2458 | L93: =Forward!L93*(1+SUM($B93:$B$228)) -> 238.3626 | M93: =Forward!M93*(1+SUM($B93:$B$228)) -> 244.2336 | N93: =Forward!N93*(1+SUM($B93:$B$228)) -> 232.4916 | O93: =Forward!O93*(1+SUM($B93:$B$228)) -> 223.098 | P93: =Forward!P93*(1+SUM($B93:$B$228)) -> 213.7044 | Q93: =Forward!Q93*(1+SUM($B93:$B$228)) -> 207.8334 | R93: =Forward!R93*(1+SUM($B93:$B$228)) -> 201.9624 | ... U93: =Forward!U93*(1+SUM($B93:$B$228)) -> 0 | W93: =((13-MONTH($C93))*INDEX($D93:$V93,1,MATCH(YEAR($C93),$D$1:$V$1,0))+12*INDEX($D93:$V93,1,MATCH(YEAR($C93)+1,$D$1:$V$1,0))+12*INDEX($D93:$V93,1,MATCH(YEAR($C93)+2,$D$1:$V$1,0))+(MONTH($C93)-1)*INDEX($D93:$V93,1,MATCH(YEAR($C93)+3,$D$1:$V$1,0)))/36 -> 222.21735 | X93: =AVERAGE($W$2:$W$198) -> 223.32806 | Y93: =((13-MONTH($C93))*INDEX($D93:$V93,1,MATCH(YEAR($C93),$D$1:$V$1,0))+12*INDEX($D93:$V93,1,MATCH(YEAR($C93)+1,$D$1:$V$1,0))+12*INDEX($D93:$V93,1,MATCH(YEAR($C93)+2,$D$1:$V$1,0))+12*INDEX($D93:$V93,1,MATCH(YEAR($C93)+3,$D$1:$V$1,0))+12*INDEX($D93:$V93,1,MATCH(YEAR($C93)+4,$D$1:$V$1,0))+(MONTH($C93)-1)*INDEX($D93:$V93,1,MATCH(YEAR($C93)+5,$D$1:$V$1,0)))/60 -> 222.25649 | Z93: =AVERAGE($Y$2:$Y$198) -> 216.50022 | AA93: =IF(MONTH($C93)=1,Forward!AA93*(1+SUM($B93:$B$228)),AA92) -> 36.498679 | AB93: =IF(MONTH($C93)=1,Forward!AB93*(1+SUM($B93:$B$228)),AB92) -> 79.3715 | AC93: =IF(MONTH($C93)=1,Forward!AC93*(1+SUM($B93:$B$228)),AC92) -> 119.60675 | AD93: =IF(MONTH($C93)=1,Forward!AD93*(1+SUM($B93:$B$228)),AD92) -> 366.33 | AE93: =AD93*(1+2%) -> 373.6566 | AF93: =$AE93+$AA93 -> 410.15528 | AG93: =$AE93+$AB93 -> 453.0281 | AH93: =$AE93+$AC93 -> 493.26335 | AI93: =(AE93-W93) -> 151.43925 | AJ93: =(AE93-W93)/AE93 -> 0.40528991 | AK93: =IF(AJ93>0,AJ93,0) -> 0.40528991 | AL93: =IF(AJ93<0,AJ93,0) -> 0 | AM93: =Forward!AI93*(1+SUM($B93:$B$228)) -> 116.2458 | AN93: =Forward!AJ93*(1+SUM($B93:$B$228)) -> 238.3626 | AO93: =Forward!AK93*(1+SUM($B93:$B$228)) -> 244.2336 | AP93: =Forward!AL93*(1+SUM($B93:$B$228)) -> 232.4916 | AQ93: =Forward!AM93*(1+SUM($B93:$B$228)) -> 223.098
A94: =Forward!A94 -> -0.0095 | B94: =Forward!B94 -> -0.0029 | C94: 44805 | K94: =Forward!K94*(1+SUM($B94:$B$228)) -> 140.1582 | L94: =Forward!L94*(1+SUM($B94:$B$228)) -> 232.0266 | M94: =Forward!M94*(1+SUM($B94:$B$228)) -> 240.2712 | N94: =Forward!N94*(1+SUM($B94:$B$228)) -> 235.56 | O94: =Forward!O94*(1+SUM($B94:$B$228)) -> 226.1376 | P94: =Forward!P94*(1+SUM($B94:$B$228)) -> 216.7152 | Q94: =Forward!Q94*(1+SUM($B94:$B$228)) -> 210.8262 | R94: =Forward!R94*(1+SUM($B94:$B$228)) -> 204.9372 | ... U94: =Forward!U94*(1+SUM($B94:$B$228)) -> 0 | W94: =((13-MONTH($C94))*INDEX($D94:$V94,1,MATCH(YEAR($C94),$D$1:$V$1,0))+12*INDEX($D94:$V94,1,MATCH(YEAR($C94)+1,$D$1:$V$1,0))+12*INDEX($D94:$V94,1,MATCH(YEAR($C94)+2,$D$1:$V$1,0))+(MONTH($C94)-1)*INDEX($D94:$V94,1,MATCH(YEAR($C94)+3,$D$1:$V$1,0)))/36 -> 225.3524 | X94: =AVERAGE($W$2:$W$198) -> 223.32806 | Y94: =((13-MONTH($C94))*INDEX($D94:$V94,1,MATCH(YEAR($C94),$D$1:$V$1,0))+12*INDEX($D94:$V94,1,MATCH(YEAR($C94)+1,$D$1:$V$1,0))+12*INDEX($D94:$V94,1,MATCH(YEAR($C94)+2,$D$1:$V$1,0))+12*INDEX($D94:$V94,1,MATCH(YEAR($C94)+3,$D$1:$V$1,0))+12*INDEX($D94:$V94,1,MATCH(YEAR($C94)+4,$D$1:$V$1,0))+(MONTH($C94)-1)*INDEX($D94:$V94,1,MATCH(YEAR($C94)+5,$D$1:$V$1,0)))/60 -> 225.03832 | Z94: =AVERAGE($Y$2:$Y$198) -> 216.50022 | AA94: =IF(MONTH($C94)=1,Forward!AA94*(1+SUM($B94:$B$228)),AA93) -> 36.498679 | AB94: =IF(MONTH($C94)=1,Forward!AB94*(1+SUM($B94:$B$228)),AB93) -> 79.3715 | AC94: =IF(MONTH($C94)=1,Forward!AC94*(1+SUM($B94:$B$228)),AC93) -> 119.60675 | AD94: =IF(MONTH($C94)=1,Forward!AD94*(1+SUM($B94:$B$228)),AD93) -> 366.33 | AE94: =AD94*(1+2%) -> 373.6566 | AF94: =$AE94+$AA94 -> 410.15528 | AG94: =$AE94+$AB94 -> 453.0281 | AH94: =$AE94+$AC94 -> 493.26335 | AI94: =(AE94-W94) -> 148.3042 | AJ94: =(AE94-W94)/AE94 -> 0.39689972 | AK94: =IF(AJ94>0,AJ94,0) -> 0.39689972 | AL94: =IF(AJ94<0,AJ94,0) -> 0 | AM94: =Forward!AI94*(1+SUM($B94:$B$228)) -> 140.1582 | AN94: =Forward!AJ94*(1+SUM($B94:$B$228)) -> 232.0266 | AO94: =Forward!AK94*(1+SUM($B94:$B$228)) -> 240.2712 | AP94: =Forward!AL94*(1+SUM($B94:$B$228)) -> 235.56 | AQ94: =Forward!AM94*(1+SUM($B94:$B$228)) -> 226.1376
A95: =Forward!A95 -> -0.0097 | B95: =Forward!B95 -> 0.0059 | C95: 44835 | K95: =Forward!K95*(1+SUM($B95:$B$228)) -> 112.1665 | L95: =Forward!L95*(1+SUM($B95:$B$228)) -> 194.8155 | M95: =Forward!M95*(1+SUM($B95:$B$228)) -> 218.4295 | N95: =Forward!N95*(1+SUM($B95:$B$228)) -> 218.4295 | O95: =Forward!O95*(1+SUM($B95:$B$228)) -> 208.9839 | P95: =Forward!P95*(1+SUM($B95:$B$228)) -> 206.6225 | Q95: =Forward!Q95*(1+SUM($B95:$B$228)) -> 200.719 | R95: =Forward!R95*(1+SUM($B95:$B$228)) -> 194.8155 | ... U95: =Forward!U95*(1+SUM($B95:$B$228)) -> 0 | W95: =((13-MONTH($C95))*INDEX($D95:$V95,1,MATCH(YEAR($C95),$D$1:$V$1,0))+12*INDEX($D95:$V95,1,MATCH(YEAR($C95)+1,$D$1:$V$1,0))+12*INDEX($D95:$V95,1,MATCH(YEAR($C95)+2,$D$1:$V$1,0))+(MONTH($C95)-1)*INDEX($D95:$V95,1,MATCH(YEAR($C95)+3,$D$1:$V$1,0)))/36 -> 201.70292 | X95: =AVERAGE($W$2:$W$198) -> 223.32806 | Y95: =((13-MONTH($C95))*INDEX($D95:$V95,1,MATCH(YEAR($C95),$D$1:$V$1,0))+12*INDEX($D95:$V95,1,MATCH(YEAR($C95)+1,$D$1:$V$1,0))+12*INDEX($D95:$V95,1,MATCH(YEAR($C95)+2,$D$1:$V$1,0))+12*INDEX($D95:$V95,1,MATCH(YEAR($C95)+3,$D$1:$V$1,0))+12*INDEX($D95:$V95,1,MATCH(YEAR($C95)+4,$D$1:$V$1,0))+(MONTH($C95)-1)*INDEX($D95:$V95,1,MATCH(YEAR($C95)+5,$D$1:$V$1,0)))/60 -> 204.73338 | Z95: =AVERAGE($Y$2:$Y$198) -> 216.50022 | AA95: =IF(MONTH($C95)=1,Forward!AA95*(1+SUM($B95:$B$228)),AA94) -> 36.498679 | AB95: =IF(MONTH($C95)=1,Forward!AB95*(1+SUM($B95:$B$228)),AB94) -> 79.3715 | AC95: =IF(MONTH($C95)=1,Forward!AC95*(1+SUM($B95:$B$228)),AC94) -> 119.60675 | AD95: =IF(MONTH($C95)=1,Forward!AD95*(1+SUM($B95:$B$228)),AD94) -> 366.33 | AE95: =AD95*(1+2%) -> 373.6566 | AF95: =$AE95+$AA95 -> 410.15528 | AG95: =$AE95+$AB95 -> 453.0281 | AH95: =$AE95+$AC95 -> 493.26335 | AI95: =(AE95-W95) -> 171.95368 | AJ95: =(AE95-W95)/AE95 -> 0.46019175 | AK95: =IF(AJ95>0,AJ95,0) -> 0.46019175 | AL95: =IF(AJ95<0,AJ95,0) -> 0 | AM95: =Forward!AI95*(1+SUM($B95:$B$228)) -> 112.1665 | AN95: =Forward!AJ95*(1+SUM($B95:$B$228)) -> 194.8155 | AO95: =Forward!AK95*(1+SUM($B95:$B$228)) -> 218.4295 | AP95: =Forward!AL95*(1+SUM($B95:$B$228)) -> 218.4295 | AQ95: =Forward!AM95*(1+SUM($B95:$B$228)) -> 208.9839
A96: =Forward!A96 -> -0.0056 | B96: =Forward!B96 -> 0.0041 | C96: 44866 | K96: =Forward!K96*(1+SUM($B96:$B$228)) -> 105.732 | L96: =Forward!L96*(1+SUM($B96:$B$228)) -> 142.1508 | M96: =Forward!M96*(1+SUM($B96:$B$228)) -> 191.4924 | N96: =Forward!N96*(1+SUM($B96:$B$228)) -> 203.2404 | O96: =Forward!O96*(1+SUM($B96:$B$228)) -> 193.842 | P96: =Forward!P96*(1+SUM($B96:$B$228)) -> 205.59 | Q96: =Forward!Q96*(1+SUM($B96:$B$228)) -> 199.716 | R96: =Forward!R96*(1+SUM($B96:$B$228)) -> 193.842 | ... U96: =Forward!U96*(1+SUM($B96:$B$228)) -> 0 | W96: =((13-MONTH($C96))*INDEX($D96:$V96,1,MATCH(YEAR($C96),$D$1:$V$1,0))+12*INDEX($D96:$V96,1,MATCH(YEAR($C96)+1,$D$1:$V$1,0))+12*INDEX($D96:$V96,1,MATCH(YEAR($C96)+2,$D$1:$V$1,0))+(MONTH($C96)-1)*INDEX($D96:$V96,1,MATCH(YEAR($C96)+3,$D$1:$V$1,0)))/36 -> 173.54407 | X96: =AVERAGE($W$2:$W$198) -> 223.32806 | Y96: =((13-MONTH($C96))*INDEX($D96:$V96,1,MATCH(YEAR($C96),$D$1:$V$1,0))+12*INDEX($D96:$V96,1,MATCH(YEAR($C96)+1,$D$1:$V$1,0))+12*INDEX($D96:$V96,1,MATCH(YEAR($C96)+2,$D$1:$V$1,0))+12*INDEX($D96:$V96,1,MATCH(YEAR($C96)+3,$D$1:$V$1,0))+12*INDEX($D96:$V96,1,MATCH(YEAR($C96)+4,$D$1:$V$1,0))+(MONTH($C96)-1)*INDEX($D96:$V96,1,MATCH(YEAR($C96)+5,$D$1:$V$1,0)))/60 -> 183.93452 | Z96: =AVERAGE($Y$2:$Y$198) -> 216.50022 | AA96: =IF(MONTH($C96)=1,Forward!AA96*(1+SUM($B96:$B$228)),AA95) -> 36.498679 | AB96: =IF(MONTH($C96)=1,Forward!AB96*(1+SUM($B96:$B$228)),AB95) -> 79.3715 | AC96: =IF(MONTH($C96)=1,Forward!AC96*(1+SUM($B96:$B$228)),AC95) -> 119.60675 | AD96: =IF(MONTH($C96)=1,Forward!AD96*(1+SUM($B96:$B$228)),AD95) -> 366.33 | AE96: =AD96*(1+2%) -> 373.6566 | AF96: =$AE96+$AA96 -> 410.15528 | AG96: =$AE96+$AB96 -> 453.0281 | AH96: =$AE96+$AC96 -> 493.26335 | AI96: =(AE96-W96) -> 200.11253 | AJ96: =(AE96-W96)/AE96 -> 0.53555198 | AK96: =IF(AJ96>0,AJ96,0) -> 0.53555198 | AL96: =IF(AJ96<0,AJ96,0) -> 0 | AM96: =Forward!AI96*(1+SUM($B96:$B$228)) -> 105.732 | AN96: =Forward!AJ96*(1+SUM($B96:$B$228)) -> 142.1508 | AO96: =Forward!AK96*(1+SUM($B96:$B$228)) -> 191.4924 | AP96: =Forward!AL96*(1+SUM($B96:$B$228)) -> 203.2404 | AQ96: =Forward!AM96*(1+SUM($B96:$B$228)) -> 193.842
A97: =Forward!A97 -> 0.0045 | B97: =Forward!B97 -> 0.0062 | C97: 44896 | K97: =Forward!K97*(1+SUM($B97:$B$228)) -> 106.5337 | L97: =Forward!L97*(1+SUM($B97:$B$228)) -> 138.1426 | M97: =Forward!M97*(1+SUM($B97:$B$228)) -> 184.9706 | N97: =Forward!N97*(1+SUM($B97:$B$228)) -> 199.019 | O97: =Forward!O97*(1+SUM($B97:$B$228)) -> 189.6534 | P97: =Forward!P97*(1+SUM($B97:$B$228)) -> 204.8725 | Q97: =Forward!Q97*(1+SUM($B97:$B$228)) -> 199.019 | R97: =Forward!R97*(1+SUM($B97:$B$228)) -> 193.1655 | ... U97: =Forward!U97*(1+SUM($B97:$B$228)) -> 0 | W97: =((13-MONTH($C97))*INDEX($D97:$V97,1,MATCH(YEAR($C97),$D$1:$V$1,0))+12*INDEX($D97:$V97,1,MATCH(YEAR($C97)+1,$D$1:$V$1,0))+12*INDEX($D97:$V97,1,MATCH(YEAR($C97)+2,$D$1:$V$1,0))+(MONTH($C97)-1)*INDEX($D97:$V97,1,MATCH(YEAR($C97)+3,$D$1:$V$1,0)))/36 -> 171.47503 | X97: =AVERAGE($W$2:$W$198) -> 223.32806 | Y97: =((13-MONTH($C97))*INDEX($D97:$V97,1,MATCH(YEAR($C97),$D$1:$V$1,0))+12*INDEX($D97:$V97,1,MATCH(YEAR($C97)+1,$D$1:$V$1,0))+12*INDEX($D97:$V97,1,MATCH(YEAR($C97)+2,$D$1:$V$1,0))+12*INDEX($D97:$V97,1,MATCH(YEAR($C97)+3,$D$1:$V$1,0))+12*INDEX($D97:$V97,1,MATCH(YEAR($C97)+4,$D$1:$V$1,0))+(MONTH($C97)-1)*INDEX($D97:$V97,1,MATCH(YEAR($C97)+5,$D$1:$V$1,0)))/60 -> 181.69264 | Z97: =AVERAGE($Y$2:$Y$198) -> 216.50022 | AA97: =IF(MONTH($C97)=1,Forward!AA97*(1+SUM($B97:$B$228)),AA96) -> 36.498679 | AB97: =IF(MONTH($C97)=1,Forward!AB97*(1+SUM($B97:$B$228)),AB96) -> 79.3715 | AC97: =IF(MONTH($C97)=1,Forward!AC97*(1+SUM($B97:$B$228)),AC96) -> 119.60675 | AD97: =IF(MONTH($C97)=1,Forward!AD97*(1+SUM($B97:$B$228)),AD96) -> 366.33 | AE97: =AD97*(1+2%) -> 373.6566 | AF97: =$AE97+$AA97 -> 410.15528 | AG97: =$AE97+$AB97 -> 453.0281 | AH97: =$AE97+$AC97 -> 493.26335 | AI97: =(AE97-W97) -> 202.18157 | AJ97: =(AE97-W97)/AE97 -> 0.54108925 | AK97: =IF(AJ97>0,AJ97,0) -> 0.54108925 | AL97: =IF(AJ97<0,AJ97,0) -> 0 | AM97: =Forward!AI97*(1+SUM($B97:$B$228)) -> 106.5337 | AN97: =Forward!AJ97*(1+SUM($B97:$B$228)) -> 138.1426 | AO97: =Forward!AK97*(1+SUM($B97:$B$228)) -> 184.9706 | AP97: =Forward!AL97*(1+SUM($B97:$B$228)) -> 199.019 | AQ97: =Forward!AM97*(1+SUM($B97:$B$228)) -> 189.6534
A98: =Forward!A98 -> 0.0021 | B98: =Forward!B98 -> 0.0053 | C98: 44927 | L98: =Forward!L98*(1+SUM($B98:$B$228)) -> 125.766 | M98: =Forward!M98*(1+SUM($B98:$B$228)) -> 151.385 | N98: =Forward!N98*(1+SUM($B98:$B$228)) -> 168.8525 | O98: =Forward!O98*(1+SUM($B98:$B$228)) -> 183.991 | P98: =Forward!P98*(1+SUM($B98:$B$228)) -> 208.4455 | Q98: =Forward!Q98*(1+SUM($B98:$B$228)) -> 202.623 | R98: =Forward!R98*(1+SUM($B98:$B$228)) -> 196.8005 | S98: =Forward!S98*(1+SUM($B98:$B$228)) -> 190.978 | ... U98: =Forward!U98*(1+SUM($B98:$B$228)) -> 0 | W98: =((13-MONTH($C98))*INDEX($D98:$V98,1,MATCH(YEAR($C98),$D$1:$V$1,0))+12*INDEX($D98:$V98,1,MATCH(YEAR($C98)+1,$D$1:$V$1,0))+12*INDEX($D98:$V98,1,MATCH(YEAR($C98)+2,$D$1:$V$1,0))+(MONTH($C98)-1)*INDEX($D98:$V98,1,MATCH(YEAR($C98)+3,$D$1:$V$1,0)))/36 -> 148.66783 | X98: =AVERAGE($W$2:$W$198) -> 223.32806 | Y98: =((13-MONTH($C98))*INDEX($D98:$V98,1,MATCH(YEAR($C98),$D$1:$V$1,0))+12*INDEX($D98:$V98,1,MATCH(YEAR($C98)+1,$D$1:$V$1,0))+12*INDEX($D98:$V98,1,MATCH(YEAR($C98)+2,$D$1:$V$1,0))+12*INDEX($D98:$V98,1,MATCH(YEAR($C98)+3,$D$1:$V$1,0))+12*INDEX($D98:$V98,1,MATCH(YEAR($C98)+4,$D$1:$V$1,0))+(MONTH($C98)-1)*INDEX($D98:$V98,1,MATCH(YEAR($C98)+5,$D$1:$V$1,0)))/60 -> 167.688 | Z98: =AVERAGE($Y$2:$Y$198) -> 216.50022 | AA98: =IF(MONTH($C98)=1,Forward!AA98*(1+SUM($B98:$B$228)),AA97) -> 34.806905 | AB98: =IF(MONTH($C98)=1,Forward!AB98*(1+SUM($B98:$B$228)),AB97) -> 75.6925 | AC98: =IF(MONTH($C98)=1,Forward!AC98*(1+SUM($B98:$B$228)),AC97) -> 114.06278 | AD98: =IF(MONTH($C98)=1,Forward!AD98*(1+SUM($B98:$B$228)),AD97) -> 384.285 | AE98: =AD98*(1-4%) -> 368.9136 | AF98: =$AE98+$AA98 -> 403.72051 | AG98: =$AE98+$AB98 -> 444.6061 | AH98: =$AE98+$AC98 -> 482.97638 | AI98: =(AE98-W98) -> 220.24577 | AJ98: =(AE98-W98)/AE98 -> 0.59701178 | AK98: =IF(AJ98>0,AJ98,0) -> 0.59701178 | AL98: =IF(AJ98<0,AJ98,0) -> 0 | AM98: =Forward!AI98*(1+SUM($B98:$B$228)) -> 125.766 | AN98: =Forward!AJ98*(1+SUM($B98:$B$228)) -> 151.385 | AO98: =Forward!AK98*(1+SUM($B98:$B$228)) -> 168.8525 | AP98: =Forward!AL98*(1+SUM($B98:$B$228)) -> 183.991 | AQ98: =Forward!AM98*(1+SUM($B98:$B$228)) -> 208.4455
A99: =Forward!A99 -> -0.0006 | B99: =Forward!B99 -> 0.0084 | C99: 44958 | L99: =Forward!L99*(1+SUM($B99:$B$228)) -> 124.0344 | M99: =Forward!M99*(1+SUM($B99:$B$228)) -> 140.2632 | N99: =Forward!N99*(1+SUM($B99:$B$228)) -> 155.3328 | O99: =Forward!O99*(1+SUM($B99:$B$228)) -> 168.084 | P99: =Forward!P99*(1+SUM($B99:$B$228)) -> 207.4968 | Q99: =Forward!Q99*(1+SUM($B99:$B$228)) -> 206.3376 | R99: =Forward!R99*(1+SUM($B99:$B$228)) -> 200.5416 | S99: =Forward!S99*(1+SUM($B99:$B$228)) -> 194.7456 | ... U99: =Forward!U99*(1+SUM($B99:$B$228)) -> 0 | W99: =((13-MONTH($C99))*INDEX($D99:$V99,1,MATCH(YEAR($C99),$D$1:$V$1,0))+12*INDEX($D99:$V99,1,MATCH(YEAR($C99)+1,$D$1:$V$1,0))+12*INDEX($D99:$V99,1,MATCH(YEAR($C99)+2,$D$1:$V$1,0))+(MONTH($C99)-1)*INDEX($D99:$V99,1,MATCH(YEAR($C99)+3,$D$1:$V$1,0)))/36 -> 141.1004 | X99: =AVERAGE($W$2:$W$198) -> 223.32806 | Y99: =((13-MONTH($C99))*INDEX($D99:$V99,1,MATCH(YEAR($C99),$D$1:$V$1,0))+12*INDEX($D99:$V99,1,MATCH(YEAR($C99)+1,$D$1:$V$1,0))+12*INDEX($D99:$V99,1,MATCH(YEAR($C99)+2,$D$1:$V$1,0))+12*INDEX($D99:$V99,1,MATCH(YEAR($C99)+3,$D$1:$V$1,0))+12*INDEX($D99:$V99,1,MATCH(YEAR($C99)+4,$D$1:$V$1,0))+(MONTH($C99)-1)*INDEX($D99:$V99,1,MATCH(YEAR($C99)+5,$D$1:$V$1,0)))/60 -> 160.41396 | Z99: =AVERAGE($Y$2:$Y$198) -> 216.50022 | AA99: =IF(MONTH($C99)=1,Forward!AA99*(1+SUM($B99:$B$228)),AA98) -> 34.806905 | AB99: =IF(MONTH($C99)=1,Forward!AB99*(1+SUM($B99:$B$228)),AB98) -> 75.6925 | AC99: =IF(MONTH($C99)=1,Forward!AC99*(1+SUM($B99:$B$228)),AC98) -> 114.06278 | AD99: =IF(MONTH($C99)=1,Forward!AD99*(1+SUM($B99:$B$228)),AD98) -> 384.285 | AE99: =AD99*(1-4%) -> 368.9136 | AF99: =$AE99+$AA99 -> 403.72051 | AG99: =$AE99+$AB99 -> 444.6061 | AH99: =$AE99+$AC99 -> 482.97638 | AI99: =(AE99-W99) -> 227.8132 | AJ99: =(AE99-W99)/AE99 -> 0.61752454 | AK99: =IF(AJ99>0,AJ99,0) -> 0.61752454 | AL99: =IF(AJ99<0,AJ99,0) -> 0 | AM99: =Forward!AI99*(1+SUM($B99:$B$228)) -> 124.0344 | AN99: =Forward!AJ99*(1+SUM($B99:$B$228)) -> 140.2632 | AO99: =Forward!AK99*(1+SUM($B99:$B$228)) -> 155.3328 | AP99: =Forward!AL99*(1+SUM($B99:$B$228)) -> 168.084 | AQ99: =Forward!AM99*(1+SUM($B99:$B$228)) -> 207.4968
A100: =Forward!A100 -> 0.0005 | B100: =Forward!B100 -> 0.0071 | C100: 44986 | L100: =Forward!L100*(1+SUM($B100:$B$228)) -> 118.5324 | M100: =Forward!M100*(1+SUM($B100:$B$228)) -> 133.4928 | N100: =Forward!N100*(1+SUM($B100:$B$228)) -> 149.604 | O100: =Forward!O100*(1+SUM($B100:$B$228)) -> 157.6596 | P100: =Forward!P100*(1+SUM($B100:$B$228)) -> 182.9772 | Q100: =Forward!Q100*(1+SUM($B100:$B$228)) -> 196.7868 | R100: =Forward!R100*(1+SUM($B100:$B$228)) -> 191.0328 | S100: =Forward!S100*(1+SUM($B100:$B$228)) -> 185.2788 | ... U100: =Forward!U100*(1+SUM($B100:$B$228)) -> 0 | W100: =((13-MONTH($C100))*INDEX($D100:$V100,1,MATCH(YEAR($C100),$D$1:$V$1,0))+12*INDEX($D100:$V100,1,MATCH(YEAR($C100)+1,$D$1:$V$1,0))+12*INDEX($D100:$V100,1,MATCH(YEAR($C100)+2,$D$1:$V$1,0))+(MONTH($C100)-1)*INDEX($D100:$V100,1,MATCH(YEAR($C100)+3,$D$1:$V$1,0)))/36 -> 136.05013 | X100: =AVERAGE($W$2:$W$198) -> 223.32806 | Y100: =((13-MONTH($C100))*INDEX($D100:$V100,1,MATCH(YEAR($C100),$D$1:$V$1,0))+12*INDEX($D100:$V100,1,MATCH(YEAR($C100)+1,$D$1:$V$1,0))+12*INDEX($D100:$V100,1,MATCH(YEAR($C100)+2,$D$1:$V$1,0))+12*INDEX($D100:$V100,1,MATCH(YEAR($C100)+3,$D$1:$V$1,0))+12*INDEX($D100:$V100,1,MATCH(YEAR($C100)+4,$D$1:$V$1,0))+(MONTH($C100)-1)*INDEX($D100:$V100,1,MATCH(YEAR($C100)+5,$D$1:$V$1,0)))/60 -> 151.06168 | Z100: =AVERAGE($Y$2:$Y$198) -> 216.50022 | AA100: =IF(MONTH($C100)=1,Forward!AA100*(1+SUM($B100:$B$228)),AA99) -> 34.806905 | AB100: =IF(MONTH($C100)=1,Forward!AB100*(1+SUM($B100:$B$228)),AB99) -> 75.6925 | AC100: =IF(MONTH($C100)=1,Forward!AC100*(1+SUM($B100:$B$228)),AC99) -> 114.06278 | AD100: =IF(MONTH($C100)=1,Forward!AD100*(1+SUM($B100:$B$228)),AD99) -> 384.285 | AE100: =AD100*(1-4%) -> 368.9136 | AF100: =$AE100+$AA100 -> 403.72051 | AG100: =$AE100+$AB100 -> 444.6061 | AH100: =$AE100+$AC100 -> 482.97638 | AI100: =(AE100-W100) -> 232.86347 | AJ100: =(AE100-W100)/AE100 -> 0.6312141 | AK100: =IF(AJ100>0,AJ100,0) -> 0.6312141 | AL100: =IF(AJ100<0,AJ100,0) -> 0 | AM100: =Forward!AI100*(1+SUM($B100:$B$228)) -> 118.5324 | AN100: =Forward!AJ100*(1+SUM($B100:$B$228)) -> 133.4928 | AO100: =Forward!AK100*(1+SUM($B100:$B$228)) -> 149.604 | AP100: =Forward!AL100*(1+SUM($B100:$B$228)) -> 157.6596 | AQ100: =Forward!AM100*(1+SUM($B100:$B$228)) -> 182.9772
A101: =Forward!A101 -> -0.0095 | B101: =Forward!B101 -> 0.0057 | C101: 45017 | L101: =Forward!L101*(1+SUM($B101:$B$228)) -> 115.5137 | M101: =Forward!M101*(1+SUM($B101:$B$228)) -> 117.8011 | N101: =Forward!N101*(1+SUM($B101:$B$228)) -> 131.5255 | O101: =Forward!O101*(1+SUM($B101:$B$228)) -> 146.3936 | P101: =Forward!P101*(1+SUM($B101:$B$228)) -> 170.4113 | Q101: =Forward!Q101*(1+SUM($B101:$B$228)) -> 188.7105 | R101: =Forward!R101*(1+SUM($B101:$B$228)) -> 186.4231 | S101: =Forward!S101*(1+SUM($B101:$B$228)) -> 184.1357 | ... U101: =Forward!U101*(1+SUM($B101:$B$228)) -> 0 | W101: =((13-MONTH($C101))*INDEX($D101:$V101,1,MATCH(YEAR($C101),$D$1:$V$1,0))+12*INDEX($D101:$V101,1,MATCH(YEAR($C101)+1,$D$1:$V$1,0))+12*INDEX($D101:$V101,1,MATCH(YEAR($C101)+2,$D$1:$V$1,0))+(MONTH($C101)-1)*INDEX($D101:$V101,1,MATCH(YEAR($C101)+3,$D$1:$V$1,0)))/36 -> 124.18676 | X101: =AVERAGE($W$2:$W$198) -> 223.32806 | Y101: =((13-MONTH($C101))*INDEX($D101:$V101,1,MATCH(YEAR($C101),$D$1:$V$1,0))+12*INDEX($D101:$V101,1,MATCH(YEAR($C101)+1,$D$1:$V$1,0))+12*INDEX($D101:$V101,1,MATCH(YEAR($C101)+2,$D$1:$V$1,0))+12*INDEX($D101:$V101,1,MATCH(YEAR($C101)+3,$D$1:$V$1,0))+12*INDEX($D101:$V101,1,MATCH(YEAR($C101)+4,$D$1:$V$1,0))+(MONTH($C101)-1)*INDEX($D101:$V101,1,MATCH(YEAR($C101)+5,$D$1:$V$1,0)))/60 -> 139.98888 | Z101: =AVERAGE($Y$2:$Y$198) -> 216.50022 | AA101: =IF(MONTH($C101)=1,Forward!AA101*(1+SUM($B101:$B$228)),AA100) -> 34.806905 | AB101: =IF(MONTH($C101)=1,Forward!AB101*(1+SUM($B101:$B$228)),AB100) -> 75.6925 | AC101: =IF(MONTH($C101)=1,Forward!AC101*(1+SUM($B101:$B$228)),AC100) -> 114.06278 | AD101: =IF(MONTH($C101)=1,Forward!AD101*(1+SUM($B101:$B$228)),AD100) -> 384.285 | AE101: =AD101*(1-4%) -> 368.9136 | AF101: =$AE101+$AA101 -> 403.72051 | AG101: =$AE101+$AB101 -> 444.6061 | AH101: =$AE101+$AC101 -> 482.97638 | AI101: =(AE101-W101) -> 244.72684 | AJ101: =(AE101-W101)/AE101 -> 0.6633717 | AK101: =IF(AJ101>0,AJ101,0) -> 0.6633717 | AL101: =IF(AJ101<0,AJ101,0) -> 0 | AM101: =Forward!AI101*(1+SUM($B101:$B$228)) -> 115.5137 | AN101: =Forward!AJ101*(1+SUM($B101:$B$228)) -> 117.8011 | AO101: =Forward!AK101*(1+SUM($B101:$B$228)) -> 131.5255 | AP101: =Forward!AL101*(1+SUM($B101:$B$228)) -> 146.3936 | AQ101: =Forward!AM101*(1+SUM($B101:$B$228)) -> 170.4113
A102: =Forward!A102 -> -0.0184 | B102: =Forward!B102 -> 0.0023 | C102: 45047 | L102: =Forward!L102*(1+SUM($B102:$B$228)) -> 119.49 | M102: =Forward!M102*(1+SUM($B102:$B$228)) -> 120.628 | N102: =Forward!N102*(1+SUM($B102:$B$228)) -> 135.422 | O102: =Forward!O102*(1+SUM($B102:$B$228)) -> 147.94 | P102: =Forward!P102*(1+SUM($B102:$B$228)) -> 165.01 | Q102: =Forward!Q102*(1+SUM($B102:$B$228)) -> 182.08 | R102: =Forward!R102*(1+SUM($B102:$B$228)) -> 179.804 | S102: =Forward!S102*(1+SUM($B102:$B$228)) -> 177.528 | ... U102: =Forward!U102*(1+SUM($B102:$B$228)) -> 0 | W102: =((13-MONTH($C102))*INDEX($D102:$V102,1,MATCH(YEAR($C102),$D$1:$V$1,0))+12*INDEX($D102:$V102,1,MATCH(YEAR($C102)+1,$D$1:$V$1,0))+12*INDEX($D102:$V102,1,MATCH(YEAR($C102)+2,$D$1:$V$1,0))+(MONTH($C102)-1)*INDEX($D102:$V102,1,MATCH(YEAR($C102)+3,$D$1:$V$1,0)))/36 -> 128.34111 | X102: =AVERAGE($W$2:$W$198) -> 223.32806 | Y102: =((13-MONTH($C102))*INDEX($D102:$V102,1,MATCH(YEAR($C102),$D$1:$V$1,0))+12*INDEX($D102:$V102,1,MATCH(YEAR($C102)+1,$D$1:$V$1,0))+12*INDEX($D102:$V102,1,MATCH(YEAR($C102)+2,$D$1:$V$1,0))+12*INDEX($D102:$V102,1,MATCH(YEAR($C102)+3,$D$1:$V$1,0))+12*INDEX($D102:$V102,1,MATCH(YEAR($C102)+4,$D$1:$V$1,0))+(MONTH($C102)-1)*INDEX($D102:$V102,1,MATCH(YEAR($C102)+5,$D$1:$V$1,0)))/60 -> 141.87067 | Z102: =AVERAGE($Y$2:$Y$198) -> 216.50022 | AA102: =IF(MONTH($C102)=1,Forward!AA102*(1+SUM($B102:$B$228)),AA101) -> 34.806905 | AB102: =IF(MONTH($C102)=1,Forward!AB102*(1+SUM($B102:$B$228)),AB101) -> 75.6925 | AC102: =IF(MONTH($C102)=1,Forward!AC102*(1+SUM($B102:$B$228)),AC101) -> 114.06278 | AD102: =IF(MONTH($C102)=1,Forward!AD102*(1+SUM($B102:$B$228)),AD101) -> 384.285 | AE102: =AD102*(1-4%) -> 368.9136 | AF102: =$AE102+$AA102 -> 403.72051 | AG102: =$AE102+$AB102 -> 444.6061 | AH102: =$AE102+$AC102 -> 482.97638 | AI102: =(AE102-W102) -> 240.57249 | AJ102: =(AE102-W102)/AE102 -> 0.65211065 | AK102: =IF(AJ102>0,AJ102,0) -> 0.65211065 | AL102: =IF(AJ102<0,AJ102,0) -> 0 | AM102: =Forward!AI102*(1+SUM($B102:$B$228)) -> 119.49 | AN102: =Forward!AJ102*(1+SUM($B102:$B$228)) -> 120.628 | AO102: =Forward!AK102*(1+SUM($B102:$B$228)) -> 135.422 | AP102: =Forward!AL102*(1+SUM($B102:$B$228)) -> 147.94 | AQ102: =Forward!AM102*(1+SUM($B102:$B$228)) -> 165.01
A103: =Forward!A103 -> -0.0193 | B103: =Forward!B103 -> -0.0008 | C103: 45078 | L103: =Forward!L103*(1+SUM($B103:$B$228)) -> 119.2485 | M103: =Forward!M103*(1+SUM($B103:$B$228)) -> 121.5199 | N103: =Forward!N103*(1+SUM($B103:$B$228)) -> 137.4197 | O103: =Forward!O103*(1+SUM($B103:$B$228)) -> 148.7767 | P103: =Forward!P103*(1+SUM($B103:$B$228)) -> 157.8623 | Q103: =Forward!Q103*(1+SUM($B103:$B$228)) -> 177.1692 | R103: =Forward!R103*(1+SUM($B103:$B$228)) -> 174.8978 | S103: =Forward!S103*(1+SUM($B103:$B$228)) -> 172.6264 | ... U103: =Forward!U103*(1+SUM($B103:$B$228)) -> 0 | W103: =((13-MONTH($C103))*INDEX($D103:$V103,1,MATCH(YEAR($C103),$D$1:$V$1,0))+12*INDEX($D103:$V103,1,MATCH(YEAR($C103)+1,$D$1:$V$1,0))+12*INDEX($D103:$V103,1,MATCH(YEAR($C103)+2,$D$1:$V$1,0))+(MONTH($C103)-1)*INDEX($D103:$V103,1,MATCH(YEAR($C103)+3,$D$1:$V$1,0)))/36 -> 130.16384 | X103: =AVERAGE($W$2:$W$198) -> 223.32806 | Y103: =((13-MONTH($C103))*INDEX($D103:$V103,1,MATCH(YEAR($C103),$D$1:$V$1,0))+12*INDEX($D103:$V103,1,MATCH(YEAR($C103)+1,$D$1:$V$1,0))+12*INDEX($D103:$V103,1,MATCH(YEAR($C103)+2,$D$1:$V$1,0))+12*INDEX($D103:$V103,1,MATCH(YEAR($C103)+3,$D$1:$V$1,0))+12*INDEX($D103:$V103,1,MATCH(YEAR($C103)+4,$D$1:$V$1,0))+(MONTH($C103)-1)*INDEX($D103:$V103,1,MATCH(YEAR($C103)+5,$D$1:$V$1,0)))/60 -> 141.79215 | Z103: =AVERAGE($Y$2:$Y$198) -> 216.50022 | AA103: =IF(MONTH($C103)=1,Forward!AA103*(1+SUM($B103:$B$228)),AA102) -> 34.806905 | AB103: =IF(MONTH($C103)=1,Forward!AB103*(1+SUM($B103:$B$228)),AB102) -> 75.6925 | AC103: =IF(MONTH($C103)=1,Forward!AC103*(1+SUM($B103:$B$228)),AC102) -> 114.06278 | AD103: =IF(MONTH($C103)=1,Forward!AD103*(1+SUM($B103:$B$228)),AD102) -> 384.285 | AE103: =AD103*(1-4%) -> 368.9136 | AF103: =$AE103+$AA103 -> 403.72051 | AG103: =$AE103+$AB103 -> 444.6061 | AH103: =$AE103+$AC103 -> 482.97638 | AI103: =(AE103-W103) -> 238.74976 | AJ103: =(AE103-W103)/AE103 -> 0.64716986 | AK103: =IF(AJ103>0,AJ103,0) -> 0.64716986 | AL103: =IF(AJ103<0,AJ103,0) -> 0 | AM103: =Forward!AI103*(1+SUM($B103:$B$228)) -> 119.2485 | AN103: =Forward!AJ103*(1+SUM($B103:$B$228)) -> 121.5199 | AO103: =Forward!AK103*(1+SUM($B103:$B$228)) -> 137.4197 | AP103: =Forward!AL103*(1+SUM($B103:$B$228)) -> 148.7767 | AQ103: =Forward!AM103*(1+SUM($B103:$B$228)) -> 157.8623
A104: =Forward!A104 -> -0.0072 | B104: =Forward!B104 -> 0.0012 | C104: 45108 | L104: =Forward!L104*(1+SUM($B104:$B$228)) -> 122.742 | M104: =Forward!M104*(1+SUM($B104:$B$228)) -> 125.015 | N104: =Forward!N104*(1+SUM($B104:$B$228)) -> 139.7895 | O104: =Forward!O104*(1+SUM($B104:$B$228)) -> 147.745 | P104: =Forward!P104*(1+SUM($B104:$B$228)) -> 157.9735 | Q104: =Forward!Q104*(1+SUM($B104:$B$228)) -> 172.748 | R104: =Forward!R104*(1+SUM($B104:$B$228)) -> 170.475 | S104: =Forward!S104*(1+SUM($B104:$B$228)) -> 168.202 | ... U104: =Forward!U104*(1+SUM($B104:$B$228)) -> 0 | W104: =((13-MONTH($C104))*INDEX($D104:$V104,1,MATCH(YEAR($C104),$D$1:$V$1,0))+12*INDEX($D104:$V104,1,MATCH(YEAR($C104)+1,$D$1:$V$1,0))+12*INDEX($D104:$V104,1,MATCH(YEAR($C104)+2,$D$1:$V$1,0))+(MONTH($C104)-1)*INDEX($D104:$V104,1,MATCH(YEAR($C104)+3,$D$1:$V$1,0)))/36 -> 133.34933 | X104: =AVERAGE($W$2:$W$198) -> 223.32806 | Y104: =((13-MONTH($C104))*INDEX($D104:$V104,1,MATCH(YEAR($C104),$D$1:$V$1,0))+12*INDEX($D104:$V104,1,MATCH(YEAR($C104)+1,$D$1:$V$1,0))+12*INDEX($D104:$V104,1,MATCH(YEAR($C104)+2,$D$1:$V$1,0))+12*INDEX($D104:$V104,1,MATCH(YEAR($C104)+3,$D$1:$V$1,0))+12*INDEX($D104:$V104,1,MATCH(YEAR($C104)+4,$D$1:$V$1,0))+(MONTH($C104)-1)*INDEX($D104:$V104,1,MATCH(YEAR($C104)+5,$D$1:$V$1,0)))/60 -> 143.6536 | Z104: =AVERAGE($Y$2:$Y$198) -> 216.50022 | AA104: =IF(MONTH($C104)=1,Forward!AA104*(1+SUM($B104:$B$228)),AA103) -> 34.806905 | AB104: =IF(MONTH($C104)=1,Forward!AB104*(1+SUM($B104:$B$228)),AB103) -> 75.6925 | AC104: =IF(MONTH($C104)=1,Forward!AC104*(1+SUM($B104:$B$228)),AC103) -> 114.06278 | AD104: =IF(MONTH($C104)=1,Forward!AD104*(1+SUM($B104:$B$228)),AD103) -> 384.285 | AE104: =AD104*(1-4%) -> 368.9136 | AF104: =$AE104+$AA104 -> 403.72051 | AG104: =$AE104+$AB104 -> 444.6061 | AH104: =$AE104+$AC104 -> 482.97638 | AI104: =(AE104-W104) -> 235.56427 | AJ104: =(AE104-W104)/AE104 -> 0.63853506 | AK104: =IF(AJ104>0,AJ104,0) -> 0.63853506 | AL104: =IF(AJ104<0,AJ104,0) -> 0 | AM104: =Forward!AI104*(1+SUM($B104:$B$228)) -> 122.742 | AN104: =Forward!AJ104*(1+SUM($B104:$B$228)) -> 125.015 | AO104: =Forward!AK104*(1+SUM($B104:$B$228)) -> 139.7895 | AP104: =Forward!AL104*(1+SUM($B104:$B$228)) -> 147.745 | AQ104: =Forward!AM104*(1+SUM($B104:$B$228)) -> 157.9735
A105: =Forward!A105 -> -0.0014 | B105: =Forward!B105 -> 0.0029 | C105: 45139 | L105: =Forward!L105*(1+SUM($B105:$B$228)) -> 126.0183 | M105: =Forward!M105*(1+SUM($B105:$B$228)) -> 121.4771 | N105: =Forward!N105*(1+SUM($B105:$B$228)) -> 138.5066 | O105: =Forward!O105*(1+SUM($B105:$B$228)) -> 147.589 | P105: =Forward!P105*(1+SUM($B105:$B$228)) -> 157.8067 | Q105: =Forward!Q105*(1+SUM($B105:$B$228)) -> 172.5656 | R105: =Forward!R105*(1+SUM($B105:$B$228)) -> 170.295 | S105: =Forward!S105*(1+SUM($B105:$B$228)) -> 168.0244 | ... U105: =Forward!U105*(1+SUM($B105:$B$228)) -> 0 | W105: =((13-MONTH($C105))*INDEX($D105:$V105,1,MATCH(YEAR($C105),$D$1:$V$1,0))+12*INDEX($D105:$V105,1,MATCH(YEAR($C105)+1,$D$1:$V$1,0))+12*INDEX($D105:$V105,1,MATCH(YEAR($C105)+2,$D$1:$V$1,0))+(MONTH($C105)-1)*INDEX($D105:$V105,1,MATCH(YEAR($C105)+3,$D$1:$V$1,0)))/36 -> 132.86164 | X105: =AVERAGE($W$2:$W$198) -> 223.32806 | Y105: =((13-MONTH($C105))*INDEX($D105:$V105,1,MATCH(YEAR($C105),$D$1:$V$1,0))+12*INDEX($D105:$V105,1,MATCH(YEAR($C105)+1,$D$1:$V$1,0))+12*INDEX($D105:$V105,1,MATCH(YEAR($C105)+2,$D$1:$V$1,0))+12*INDEX($D105:$V105,1,MATCH(YEAR($C105)+3,$D$1:$V$1,0))+12*INDEX($D105:$V105,1,MATCH(YEAR($C105)+4,$D$1:$V$1,0))+(MONTH($C105)-1)*INDEX($D105:$V105,1,MATCH(YEAR($C105)+5,$D$1:$V$1,0)))/60 -> 143.71006 | Z105: =AVERAGE($Y$2:$Y$198) -> 216.50022 | AA105: =IF(MONTH($C105)=1,Forward!AA105*(1+SUM($B105:$B$228)),AA104) -> 34.806905 | AB105: =IF(MONTH($C105)=1,Forward!AB105*(1+SUM($B105:$B$228)),AB104) -> 75.6925 | AC105: =IF(MONTH($C105)=1,Forward!AC105*(1+SUM($B105:$B$228)),AC104) -> 114.06278 | AD105: =IF(MONTH($C105)=1,Forward!AD105*(1+SUM($B105:$B$228)),AD104) -> 384.285 | AE105: =AD105*(1-4%) -> 368.9136 | AF105: =$AE105+$AA105 -> 403.72051 | AG105: =$AE105+$AB105 -> 444.6061 | AH105: =$AE105+$AC105 -> 482.97638 | AI105: =(AE105-W105) -> 236.05196 | AJ105: =(AE105-W105)/AE105 -> 0.63985704 | AK105: =IF(AJ105>0,AJ105,0) -> 0.63985704 | AL105: =IF(AJ105<0,AJ105,0) -> 0 | AM105: =Forward!AI105*(1+SUM($B105:$B$228)) -> 126.0183 | AN105: =Forward!AJ105*(1+SUM($B105:$B$228)) -> 121.4771 | AO105: =Forward!AK105*(1+SUM($B105:$B$228)) -> 138.5066 | AP105: =Forward!AL105*(1+SUM($B105:$B$228)) -> 147.589 | AQ105: =Forward!AM105*(1+SUM($B105:$B$228)) -> 157.8067
A106: =Forward!A106 -> 0.0037 | B106: =Forward!B106 -> 0.0026 | C106: 45170 | L106: =Forward!L106*(1+SUM($B106:$B$228)) -> 122.2992 | M106: =Forward!M106*(1+SUM($B106:$B$228)) -> 116.6372 | N106: =Forward!N106*(1+SUM($B106:$B$228)) -> 131.3584 | O106: =Forward!O106*(1+SUM($B106:$B$228)) -> 141.55 | P106: =Forward!P106*(1+SUM($B106:$B$228)) -> 157.4036 | Q106: =Forward!Q106*(1+SUM($B106:$B$228)) -> 172.1248 | R106: =Forward!R106*(1+SUM($B106:$B$228)) -> 169.86 | S106: =Forward!S106*(1+SUM($B106:$B$228)) -> 167.5952 | ... U106: =Forward!U106*(1+SUM($B106:$B$228)) -> 0 | W106: =((13-MONTH($C106))*INDEX($D106:$V106,1,MATCH(YEAR($C106),$D$1:$V$1,0))+12*INDEX($D106:$V106,1,MATCH(YEAR($C106)+1,$D$1:$V$1,0))+12*INDEX($D106:$V106,1,MATCH(YEAR($C106)+2,$D$1:$V$1,0))+(MONTH($C106)-1)*INDEX($D106:$V106,1,MATCH(YEAR($C106)+3,$D$1:$V$1,0)))/36 -> 127.70956 | X106: =AVERAGE($W$2:$W$198) -> 223.32806 | Y106: =((13-MONTH($C106))*INDEX($D106:$V106,1,MATCH(YEAR($C106),$D$1:$V$1,0))+12*INDEX($D106:$V106,1,MATCH(YEAR($C106)+1,$D$1:$V$1,0))+12*INDEX($D106:$V106,1,MATCH(YEAR($C106)+2,$D$1:$V$1,0))+12*INDEX($D106:$V106,1,MATCH(YEAR($C106)+3,$D$1:$V$1,0))+12*INDEX($D106:$V106,1,MATCH(YEAR($C106)+4,$D$1:$V$1,0))+(MONTH($C106)-1)*INDEX($D106:$V106,1,MATCH(YEAR($C106)+5,$D$1:$V$1,0)))/60 -> 140.49309 | Z106: =AVERAGE($Y$2:$Y$198) -> 216.50022 | AA106: =IF(MONTH($C106)=1,Forward!AA106*(1+SUM($B106:$B$228)),AA105) -> 34.806905 | AB106: =IF(MONTH($C106)=1,Forward!AB106*(1+SUM($B106:$B$228)),AB105) -> 75.6925 | AC106: =IF(MONTH($C106)=1,Forward!AC106*(1+SUM($B106:$B$228)),AC105) -> 114.06278 | AD106: =IF(MONTH($C106)=1,Forward!AD106*(1+SUM($B106:$B$228)),AD105) -> 384.285 | AE106: =AD106*(1-4%) -> 368.9136 | AF106: =$AE106+$AA106 -> 403.72051 | AG106: =$AE106+$AB106 -> 444.6061 | AH106: =$AE106+$AC106 -> 482.97638 | AI106: =(AE106-W106) -> 241.20404 | AJ106: =(AE106-W106)/AE106 -> 0.65382259 | AK106: =IF(AJ106>0,AJ106,0) -> 0.65382259 | AL106: =IF(AJ106<0,AJ106,0) -> 0 | AM106: =Forward!AI106*(1+SUM($B106:$B$228)) -> 122.2992 | AN106: =Forward!AJ106*(1+SUM($B106:$B$228)) -> 116.6372 | AO106: =Forward!AK106*(1+SUM($B106:$B$228)) -> 131.3584 | AP106: =Forward!AL106*(1+SUM($B106:$B$228)) -> 141.55 | AQ106: =Forward!AM106*(1+SUM($B106:$B$228)) -> 157.4036
A107: =Forward!A107 -> 0.005 | B107: =Forward!B107 -> 0.0024 | C107: 45200 | L107: =Forward!L107*(1+SUM($B107:$B$228)) -> 124.278 | M107: =Forward!M107*(1+SUM($B107:$B$228)) -> 117.4992 | N107: =Forward!N107*(1+SUM($B107:$B$228)) -> 135.576 | O107: =Forward!O107*(1+SUM($B107:$B$228)) -> 146.874 | P107: =Forward!P107*(1+SUM($B107:$B$228)) -> 154.7826 | Q107: =Forward!Q107*(1+SUM($B107:$B$228)) -> 169.47 | R107: =Forward!R107*(1+SUM($B107:$B$228)) -> 167.2104 | S107: =Forward!S107*(1+SUM($B107:$B$228)) -> 164.9508 | ... U107: =Forward!U107*(1+SUM($B107:$B$228)) -> 0 | W107: =((13-MONTH($C107))*INDEX($D107:$V107,1,MATCH(YEAR($C107),$D$1:$V$1,0))+12*INDEX($D107:$V107,1,MATCH(YEAR($C107)+1,$D$1:$V$1,0))+12*INDEX($D107:$V107,1,MATCH(YEAR($C107)+2,$D$1:$V$1,0))+(MONTH($C107)-1)*INDEX($D107:$V107,1,MATCH(YEAR($C107)+3,$D$1:$V$1,0)))/36 -> 131.4334 | X107: =AVERAGE($W$2:$W$198) -> 223.32806 | Y107: =((13-MONTH($C107))*INDEX($D107:$V107,1,MATCH(YEAR($C107),$D$1:$V$1,0))+12*INDEX($D107:$V107,1,MATCH(YEAR($C107)+1,$D$1:$V$1,0))+12*INDEX($D107:$V107,1,MATCH(YEAR($C107)+2,$D$1:$V$1,0))+12*INDEX($D107:$V107,1,MATCH(YEAR($C107)+3,$D$1:$V$1,0))+12*INDEX($D107:$V107,1,MATCH(YEAR($C107)+4,$D$1:$V$1,0))+(MONTH($C107)-1)*INDEX($D107:$V107,1,MATCH(YEAR($C107)+5,$D$1:$V$1,0)))/60 -> 142.58076 | Z107: =AVERAGE($Y$2:$Y$198) -> 216.50022 | AA107: =IF(MONTH($C107)=1,Forward!AA107*(1+SUM($B107:$B$228)),AA106) -> 34.806905 | AB107: =IF(MONTH($C107)=1,Forward!AB107*(1+SUM($B107:$B$228)),AB106) -> 75.6925 | AC107: =IF(MONTH($C107)=1,Forward!AC107*(1+SUM($B107:$B$228)),AC106) -> 114.06278 | AD107: =IF(MONTH($C107)=1,Forward!AD107*(1+SUM($B107:$B$228)),AD106) -> 384.285 | AE107: =AD107*(1-4%) -> 368.9136 | AF107: =$AE107+$AA107 -> 403.72051 | AG107: =$AE107+$AB107 -> 444.6061 | AH107: =$AE107+$AC107 -> 482.97638 | AI107: =(AE107-W107) -> 237.4802 | AJ107: =(AE107-W107)/AE107 -> 0.6437285 | AK107: =IF(AJ107>0,AJ107,0) -> 0.6437285 | AL107: =IF(AJ107<0,AJ107,0) -> 0 | AM107: =Forward!AI107*(1+SUM($B107:$B$228)) -> 124.278 | AN107: =Forward!AJ107*(1+SUM($B107:$B$228)) -> 117.4992 | AO107: =Forward!AK107*(1+SUM($B107:$B$228)) -> 135.576 | AP107: =Forward!AL107*(1+SUM($B107:$B$228)) -> 146.874 | AQ107: =Forward!AM107*(1+SUM($B107:$B$228)) -> 154.7826
A108: =Forward!A108 -> 0.0059 | B108: =Forward!B108 -> 0.0028 | C108: 45231 | L108: =Forward!L108*(1+SUM($B108:$B$228)) -> 124.014 | M108: =Forward!M108*(1+SUM($B108:$B$228)) -> 131.9058 | N108: =Forward!N108*(1+SUM($B108:$B$228)) -> 145.4346 | O108: =Forward!O108*(1+SUM($B108:$B$228)) -> 156.7086 | P108: =Forward!P108*(1+SUM($B108:$B$228)) -> 154.4538 | Q108: =Forward!Q108*(1+SUM($B108:$B$228)) -> 169.11 | R108: =Forward!R108*(1+SUM($B108:$B$228)) -> 166.8552 | S108: =Forward!S108*(1+SUM($B108:$B$228)) -> 164.6004 | ... U108: =Forward!U108*(1+SUM($B108:$B$228)) -> 0 | W108: =((13-MONTH($C108))*INDEX($D108:$V108,1,MATCH(YEAR($C108),$D$1:$V$1,0))+12*INDEX($D108:$V108,1,MATCH(YEAR($C108)+1,$D$1:$V$1,0))+12*INDEX($D108:$V108,1,MATCH(YEAR($C108)+2,$D$1:$V$1,0))+(MONTH($C108)-1)*INDEX($D108:$V108,1,MATCH(YEAR($C108)+3,$D$1:$V$1,0)))/36 -> 142.86663 | X108: =AVERAGE($W$2:$W$198) -> 223.32806 | Y108: =((13-MONTH($C108))*INDEX($D108:$V108,1,MATCH(YEAR($C108),$D$1:$V$1,0))+12*INDEX($D108:$V108,1,MATCH(YEAR($C108)+1,$D$1:$V$1,0))+12*INDEX($D108:$V108,1,MATCH(YEAR($C108)+2,$D$1:$V$1,0))+12*INDEX($D108:$V108,1,MATCH(YEAR($C108)+3,$D$1:$V$1,0))+12*INDEX($D108:$V108,1,MATCH(YEAR($C108)+4,$D$1:$V$1,0))+(MONTH($C108)-1)*INDEX($D108:$V108,1,MATCH(YEAR($C108)+5,$D$1:$V$1,0)))/60 -> 150.01936 | Z108: =AVERAGE($Y$2:$Y$198) -> 216.50022 | AA108: =IF(MONTH($C108)=1,Forward!AA108*(1+SUM($B108:$B$228)),AA107) -> 34.806905 | AB108: =IF(MONTH($C108)=1,Forward!AB108*(1+SUM($B108:$B$228)),AB107) -> 75.6925 | AC108: =IF(MONTH($C108)=1,Forward!AC108*(1+SUM($B108:$B$228)),AC107) -> 114.06278 | AD108: =IF(MONTH($C108)=1,Forward!AD108*(1+SUM($B108:$B$228)),AD107) -> 384.285 | AE108: =AD108*(1-4%) -> 368.9136 | AF108: =$AE108+$AA108 -> 403.72051 | AG108: =$AE108+$AB108 -> 444.6061 | AH108: =$AE108+$AC108 -> 482.97638 | AI108: =(AE108-W108) -> 226.04697 | AJ108: =(AE108-W108)/AE108 -> 0.61273688 | AK108: =IF(AJ108>0,AJ108,0) -> 0.61273688 | AL108: =IF(AJ108<0,AJ108,0) -> 0 | AM108: =Forward!AI108*(1+SUM($B108:$B$228)) -> 124.014 | AN108: =Forward!AJ108*(1+SUM($B108:$B$228)) -> 131.9058 | AO108: =Forward!AK108*(1+SUM($B108:$B$228)) -> 145.4346 | AP108: =Forward!AL108*(1+SUM($B108:$B$228)) -> 156.7086 | AQ108: =Forward!AM108*(1+SUM($B108:$B$228)) -> 154.4538
A109: =Forward!A109 -> 0.0074 | B109: =Forward!B109 -> 0.0028 | C109: 45261 | L109: =Forward!L109*(1+SUM($B109:$B$228)) -> 124.8306 | M109: =Forward!M109*(1+SUM($B109:$B$228)) -> 130.4536 | N109: =Forward!N109*(1+SUM($B109:$B$228)) -> 161.9424 | O109: =Forward!O109*(1+SUM($B109:$B$228)) -> 173.1884 | P109: =Forward!P109*(1+SUM($B109:$B$228)) -> 172.0638 | Q109: =Forward!Q109*(1+SUM($B109:$B$228)) -> 181.0606 | R109: =Forward!R109*(1+SUM($B109:$B$228)) -> 178.8114 | S109: =Forward!S109*(1+SUM($B109:$B$228)) -> 176.5622 | ... U109: =Forward!U109*(1+SUM($B109:$B$228)) -> 0 | W109: =((13-MONTH($C109))*INDEX($D109:$V109,1,MATCH(YEAR($C109),$D$1:$V$1,0))+12*INDEX($D109:$V109,1,MATCH(YEAR($C109)+1,$D$1:$V$1,0))+12*INDEX($D109:$V109,1,MATCH(YEAR($C109)+2,$D$1:$V$1,0))+(MONTH($C109)-1)*INDEX($D109:$V109,1,MATCH(YEAR($C109)+3,$D$1:$V$1,0)))/36 -> 153.85153 | X109: =AVERAGE($W$2:$W$198) -> 223.32806 | Y109: =((13-MONTH($C109))*INDEX($D109:$V109,1,MATCH(YEAR($C109),$D$1:$V$1,0))+12*INDEX($D109:$V109,1,MATCH(YEAR($C109)+1,$D$1:$V$1,0))+12*INDEX($D109:$V109,1,MATCH(YEAR($C109)+2,$D$1:$V$1,0))+12*INDEX($D109:$V109,1,MATCH(YEAR($C109)+3,$D$1:$V$1,0))+12*INDEX($D109:$V109,1,MATCH(YEAR($C109)+4,$D$1:$V$1,0))+(MONTH($C109)-1)*INDEX($D109:$V109,1,MATCH(YEAR($C109)+5,$D$1:$V$1,0)))/60 -> 162.80459 | Z109: =AVERAGE($Y$2:$Y$198) -> 216.50022 | AA109: =IF(MONTH($C109)=1,Forward!AA109*(1+SUM($B109:$B$228)),AA108) -> 34.806905 | AB109: =IF(MONTH($C109)=1,Forward!AB109*(1+SUM($B109:$B$228)),AB108) -> 75.6925 | AC109: =IF(MONTH($C109)=1,Forward!AC109*(1+SUM($B109:$B$228)),AC108) -> 114.06278 | AD109: =IF(MONTH($C109)=1,Forward!AD109*(1+SUM($B109:$B$228)),AD108) -> 384.285 | AE109: =AD109*(1-4%) -> 368.9136 | AF109: =$AE109+$AA109 -> 403.72051 | AG109: =$AE109+$AB109 -> 444.6061 | AH109: =$AE109+$AC109 -> 482.97638 | AI109: =(AE109-W109) -> 215.06207 | AJ109: =(AE109-W109)/AE109 -> 0.58296054 | AK109: =IF(AJ109>0,AJ109,0) -> 0.58296054 | AL109: =IF(AJ109<0,AJ109,0) -> 0 | AM109: =Forward!AI109*(1+SUM($B109:$B$228)) -> 124.8306 | AN109: =Forward!AJ109*(1+SUM($B109:$B$228)) -> 130.4536 | AO109: =Forward!AK109*(1+SUM($B109:$B$228)) -> 161.9424 | AP109: =Forward!AL109*(1+SUM($B109:$B$228)) -> 173.1884 | AQ109: =Forward!AM109*(1+SUM($B109:$B$228)) -> 172.0638
A110: =Forward!A110 -> 0.0007 | B110: =Forward!B110 -> 0.0042 | C110: 45292 | M110: =Forward!M110*(1+SUM($B110:$B$228)) -> 134.616 | N110: =Forward!N110*(1+SUM($B110:$B$228)) -> 151.443 | O110: =Forward!O110*(1+SUM($B110:$B$228)) -> 164.9046 | P110: =Forward!P110*(1+SUM($B110:$B$228)) -> 188.4624 | Q110: =Forward!Q110*(1+SUM($B110:$B$228)) -> 187.3406 | R110: =Forward!R110*(1+SUM($B110:$B$228)) -> 185.097 | S110: =Forward!S110*(1+SUM($B110:$B$228)) -> 182.8534 | T110: =Forward!T110*(1+SUM($B110:$B$228)) -> 180.6098 | U110: =Forward!U110*(1+SUM($B110:$B$228)) -> 0 | W110: =((13-MONTH($C110))*INDEX($D110:$V110,1,MATCH(YEAR($C110),$D$1:$V$1,0))+12*INDEX($D110:$V110,1,MATCH(YEAR($C110)+1,$D$1:$V$1,0))+12*INDEX($D110:$V110,1,MATCH(YEAR($C110)+2,$D$1:$V$1,0))+(MONTH($C110)-1)*INDEX($D110:$V110,1,MATCH(YEAR($C110)+3,$D$1:$V$1,0)))/36 -> 150.3212 | X110: =AVERAGE($W$2:$W$198) -> 223.32806 | Y110: =((13-MONTH($C110))*INDEX($D110:$V110,1,MATCH(YEAR($C110),$D$1:$V$1,0))+12*INDEX($D110:$V110,1,MATCH(YEAR($C110)+1,$D$1:$V$1,0))+12*INDEX($D110:$V110,1,MATCH(YEAR($C110)+2,$D$1:$V$1,0))+12*INDEX($D110:$V110,1,MATCH(YEAR($C110)+3,$D$1:$V$1,0))+12*INDEX($D110:$V110,1,MATCH(YEAR($C110)+4,$D$1:$V$1,0))+(MONTH($C110)-1)*INDEX($D110:$V110,1,MATCH(YEAR($C110)+5,$D$1:$V$1,0)))/60 -> 165.35332 | Z110: =AVERAGE($Y$2:$Y$198) -> 216.50022 | AA110: =IF(MONTH($C110)=1,Forward!AA110*(1+SUM($B110:$B$228)),AA109) -> 21.14593 | AB110: =IF(MONTH($C110)=1,Forward!AB110*(1+SUM($B110:$B$228)),AB109) -> 50.065934 | AC110: =IF(MONTH($C110)=1,Forward!AC110*(1+SUM($B110:$B$228)),AC109) -> 88.364186 | AD110: =IF(MONTH($C110)=1,Forward!AD110*(1+SUM($B110:$B$228)),AD109) -> 392.63 | AE110: =AD110*(1-1%) -> 388.7037 | AF110: =$AE110+$AA110 -> 409.84963 | AG110: =$AE110+$AB110 -> 438.76963 | AH110: =$AE110+$AC110 -> 477.06789 | AI110: =(AE110-W110) -> 238.3825 | AJ110: =(AE110-W110)/AE110 -> 0.61327561 | AK110: =IF(AJ110>0,AJ110,0) -> 0.61327561 | AL110: =IF(AJ110<0,AJ110,0) -> 0 | AM110: =Forward!AI110*(1+SUM($B110:$B$228)) -> 134.616 | AN110: =Forward!AJ110*(1+SUM($B110:$B$228)) -> 151.443 | AO110: =Forward!AK110*(1+SUM($B110:$B$228)) -> 164.9046 | AP110: =Forward!AL110*(1+SUM($B110:$B$228)) -> 188.4624 | AQ110: =Forward!AM110*(1+SUM($B110:$B$228)) -> 187.3406
A111: =Forward!A111 -> -0.0052 | B111: =Forward!B111 -> 0.0083 | C111: 45323 | M111: =Forward!M111*(1+SUM($B111:$B$228)) -> 177.6984 | N111: =Forward!N111*(1+SUM($B111:$B$228)) -> 241.4016 | O111: =Forward!O111*(1+SUM($B111:$B$228)) -> 231.3432 | P111: =Forward!P111*(1+SUM($B111:$B$228)) -> 224.6376 | Q111: =Forward!Q111*(1+SUM($B111:$B$228)) -> 213.4616 | R111: =Forward!R111*(1+SUM($B111:$B$228)) -> 206.756 | S111: =Forward!S111*(1+SUM($B111:$B$228)) -> 201.168 | T111: =Forward!T111*(1+SUM($B111:$B$228)) -> 195.58 | U111: =Forward!U111*(1+SUM($B111:$B$228)) -> 0 | W111: =((13-MONTH($C111))*INDEX($D111:$V111,1,MATCH(YEAR($C111),$D$1:$V$1,0))+12*INDEX($D111:$V111,1,MATCH(YEAR($C111)+1,$D$1:$V$1,0))+12*INDEX($D111:$V111,1,MATCH(YEAR($C111)+2,$D$1:$V$1,0))+(MONTH($C111)-1)*INDEX($D111:$V111,1,MATCH(YEAR($C111)+3,$D$1:$V$1,0)))/36 -> 218.11827 | X111: =AVERAGE($W$2:$W$198) -> 223.32806 | Y111: =((13-MONTH($C111))*INDEX($D111:$V111,1,MATCH(YEAR($C111),$D$1:$V$1,0))+12*INDEX($D111:$V111,1,MATCH(YEAR($C111)+1,$D$1:$V$1,0))+12*INDEX($D111:$V111,1,MATCH(YEAR($C111)+2,$D$1:$V$1,0))+12*INDEX($D111:$V111,1,MATCH(YEAR($C111)+3,$D$1:$V$1,0))+12*INDEX($D111:$V111,1,MATCH(YEAR($C111)+4,$D$1:$V$1,0))+(MONTH($C111)-1)*INDEX($D111:$V111,1,MATCH(YEAR($C111)+5,$D$1:$V$1,0)))/60 -> 218.19277 | Z111: =AVERAGE($Y$2:$Y$198) -> 216.50022 | AA111: =IF(MONTH($C111)=1,Forward!AA111*(1+SUM($B111:$B$228)),AA110) -> 21.14593 | AB111: =IF(MONTH($C111)=1,Forward!AB111*(1+SUM($B111:$B$228)),AB110) -> 50.065934 | AC111: =IF(MONTH($C111)=1,Forward!AC111*(1+SUM($B111:$B$228)),AC110) -> 88.364186 | AD111: =IF(MONTH($C111)=1,Forward!AD111*(1+SUM($B111:$B$228)),AD110) -> 392.63 | AE111: =AD111*(1-1%) -> 388.7037 | AF111: =$AE111+$AA111 -> 409.84963 | AG111: =$AE111+$AB111 -> 438.76963 | AH111: =$AE111+$AC111 -> 477.06789 | AI111: =(AE111-W111) -> 170.58543 | AJ111: =(AE111-W111)/AE111 -> 0.43885724 | AK111: =IF(AJ111>0,AJ111,0) -> 0.43885724 | AL111: =IF(AJ111<0,AJ111,0) -> 0 | AM111: =Forward!AI111*(1+SUM($B111:$B$228)) -> 177.6984 | AN111: =Forward!AJ111*(1+SUM($B111:$B$228)) -> 241.4016 | AO111: =Forward!AK111*(1+SUM($B111:$B$228)) -> 231.3432 | AP111: =Forward!AL111*(1+SUM($B111:$B$228)) -> 224.6376 | AQ111: =Forward!AM111*(1+SUM($B111:$B$228)) -> 213.4616
A112: =Forward!A112 -> -0.0047 | B112: =Forward!B112 -> 0.0016 | C112: 45352 | M112: =Forward!M112*(1+SUM($B112:$B$228)) -> 176.3787 | N112: =Forward!N112*(1+SUM($B112:$B$228)) -> 222.9693 | O112: =Forward!O112*(1+SUM($B112:$B$228)) -> 216.3135 | P112: =Forward!P112*(1+SUM($B112:$B$228)) -> 209.6577 | Q112: =Forward!Q112*(1+SUM($B112:$B$228)) -> 210.767 | R112: =Forward!R112*(1+SUM($B112:$B$228)) -> 206.3298 | S112: =Forward!S112*(1+SUM($B112:$B$228)) -> 200.7833 | T112: =Forward!T112*(1+SUM($B112:$B$228)) -> 195.2368 | U112: =Forward!U112*(1+SUM($B112:$B$228)) -> 0 | W112: =((13-MONTH($C112))*INDEX($D112:$V112,1,MATCH(YEAR($C112),$D$1:$V$1,0))+12*INDEX($D112:$V112,1,MATCH(YEAR($C112)+1,$D$1:$V$1,0))+12*INDEX($D112:$V112,1,MATCH(YEAR($C112)+2,$D$1:$V$1,0))+(MONTH($C112)-1)*INDEX($D112:$V112,1,MATCH(YEAR($C112)+3,$D$1:$V$1,0)))/36 -> 207.06933 | X112: =AVERAGE($W$2:$W$198) -> 223.32806 | Y112: =((13-MONTH($C112))*INDEX($D112:$V112,1,MATCH(YEAR($C112),$D$1:$V$1,0))+12*INDEX($D112:$V112,1,MATCH(YEAR($C112)+1,$D$1:$V$1,0))+12*INDEX($D112:$V112,1,MATCH(YEAR($C112)+2,$D$1:$V$1,0))+12*INDEX($D112:$V112,1,MATCH(YEAR($C112)+3,$D$1:$V$1,0))+12*INDEX($D112:$V112,1,MATCH(YEAR($C112)+4,$D$1:$V$1,0))+(MONTH($C112)-1)*INDEX($D112:$V112,1,MATCH(YEAR($C112)+5,$D$1:$V$1,0)))/60 -> 208.21561 | Z112: =AVERAGE($Y$2:$Y$198) -> 216.50022 | AA112: =IF(MONTH($C112)=1,Forward!AA112*(1+SUM($B112:$B$228)),AA111) -> 21.14593 | AB112: =IF(MONTH($C112)=1,Forward!AB112*(1+SUM($B112:$B$228)),AB111) -> 50.065934 | AC112: =IF(MONTH($C112)=1,Forward!AC112*(1+SUM($B112:$B$228)),AC111) -> 88.364186 | AD112: =IF(MONTH($C112)=1,Forward!AD112*(1+SUM($B112:$B$228)),AD111) -> 392.63 | AE112: =AD112*(1-1%) -> 388.7037 | AF112: =$AE112+$AA112 -> 409.84963 | AG112: =$AE112+$AB112 -> 438.76963 | AH112: =$AE112+$AC112 -> 477.06789 | AI112: =(AE112-W112) -> 181.63437 | AJ112: =(AE112-W112)/AE112 -> 0.46728232 | AK112: =IF(AJ112>0,AJ112,0) -> 0.46728232 | AL112: =IF(AJ112<0,AJ112,0) -> 0 | AM112: =Forward!AI112*(1+SUM($B112:$B$228)) -> 176.3787 | AN112: =Forward!AJ112*(1+SUM($B112:$B$228)) -> 222.9693 | AO112: =Forward!AK112*(1+SUM($B112:$B$228)) -> 216.3135 | AP112: =Forward!AL112*(1+SUM($B112:$B$228)) -> 209.6577 | AQ112: =Forward!AM112*(1+SUM($B112:$B$228)) -> 210.767
A113: =Forward!A113 -> 0.0031 | B113: =Forward!B113 -> 0.0038 | C113: 45383 | M113: =Forward!M113*(1+SUM($B113:$B$228)) -> 166.155 | N113: =Forward!N113*(1+SUM($B113:$B$228)) -> 204.9245 | O113: =Forward!O113*(1+SUM($B113:$B$228)) -> 206.0322 | P113: =Forward!P113*(1+SUM($B113:$B$228)) -> 201.6014 | Q113: =Forward!Q113*(1+SUM($B113:$B$228)) -> 196.0629 | R113: =Forward!R113*(1+SUM($B113:$B$228)) -> 190.5244 | S113: =Forward!S113*(1+SUM($B113:$B$228)) -> 184.9859 | T113: =Forward!T113*(1+SUM($B113:$B$228)) -> 179.4474 | U113: =Forward!U113*(1+SUM($B113:$B$228)) -> 0 | W113: =((13-MONTH($C113))*INDEX($D113:$V113,1,MATCH(YEAR($C113),$D$1:$V$1,0))+12*INDEX($D113:$V113,1,MATCH(YEAR($C113)+1,$D$1:$V$1,0))+12*INDEX($D113:$V113,1,MATCH(YEAR($C113)+2,$D$1:$V$1,0))+(MONTH($C113)-1)*INDEX($D113:$V113,1,MATCH(YEAR($C113)+3,$D$1:$V$1,0)))/36 -> 195.32443 | X113: =AVERAGE($W$2:$W$198) -> 223.32806 | Y113: =((13-MONTH($C113))*INDEX($D113:$V113,1,MATCH(YEAR($C113),$D$1:$V$1,0))+12*INDEX($D113:$V113,1,MATCH(YEAR($C113)+1,$D$1:$V$1,0))+12*INDEX($D113:$V113,1,MATCH(YEAR($C113)+2,$D$1:$V$1,0))+12*INDEX($D113:$V113,1,MATCH(YEAR($C113)+3,$D$1:$V$1,0))+12*INDEX($D113:$V113,1,MATCH(YEAR($C113)+4,$D$1:$V$1,0))+(MONTH($C113)-1)*INDEX($D113:$V113,1,MATCH(YEAR($C113)+5,$D$1:$V$1,0)))/60 -> 196.17367 | Z113: =AVERAGE($Y$2:$Y$198) -> 216.50022 | AA113: =IF(MONTH($C113)=1,Forward!AA113*(1+SUM($B113:$B$228)),AA112) -> 21.14593 | AB113: =IF(MONTH($C113)=1,Forward!AB113*(1+SUM($B113:$B$228)),AB112) -> 50.065934 | AC113: =IF(MONTH($C113)=1,Forward!AC113*(1+SUM($B113:$B$228)),AC112) -> 88.364186 | AD113: =IF(MONTH($C113)=1,Forward!AD113*(1+SUM($B113:$B$228)),AD112) -> 392.63 | AE113: =AD113*(1-1%) -> 388.7037 | AF113: =$AE113+$AA113 -> 409.84963 | AG113: =$AE113+$AB113 -> 438.76963 | AH113: =$AE113+$AC113 -> 477.06789 | AI113: =(AE113-W113) -> 193.37927 | AJ113: =(AE113-W113)/AE113 -> 0.49749788 | AK113: =IF(AJ113>0,AJ113,0) -> 0.49749788 | AL113: =IF(AJ113<0,AJ113,0) -> 0 | AM113: =Forward!AI113*(1+SUM($B113:$B$228)) -> 166.155 | AN113: =Forward!AJ113*(1+SUM($B113:$B$228)) -> 204.9245 | AO113: =Forward!AK113*(1+SUM($B113:$B$228)) -> 206.0322 | AP113: =Forward!AL113*(1+SUM($B113:$B$228)) -> 201.6014 | AQ113: =Forward!AM113*(1+SUM($B113:$B$228)) -> 196.0629
A114: =Forward!A114 -> 0.0089 | B114: =Forward!B114 -> 0.0046 | C114: 45413 | M114: =Forward!M114*(1+SUM($B114:$B$228)) -> 132.468 | N114: =Forward!N114*(1+SUM($B114:$B$228)) -> 176.624 | O114: =Forward!O114*(1+SUM($B114:$B$228)) -> 193.1825 | P114: =Forward!P114*(1+SUM($B114:$B$228)) -> 189.8708 | Q114: =Forward!Q114*(1+SUM($B114:$B$228)) -> 184.3513 | R114: =Forward!R114*(1+SUM($B114:$B$228)) -> 178.8318 | S114: =Forward!S114*(1+SUM($B114:$B$228)) -> 173.3123 | T114: =Forward!T114*(1+SUM($B114:$B$228)) -> 167.7928 | U114: =Forward!U114*(1+SUM($B114:$B$228)) -> 0 | W114: =((13-MONTH($C114))*INDEX($D114:$V114,1,MATCH(YEAR($C114),$D$1:$V$1,0))+12*INDEX($D114:$V114,1,MATCH(YEAR($C114)+1,$D$1:$V$1,0))+12*INDEX($D114:$V114,1,MATCH(YEAR($C114)+2,$D$1:$V$1,0))+(MONTH($C114)-1)*INDEX($D114:$V114,1,MATCH(YEAR($C114)+3,$D$1:$V$1,0)))/36 -> 173.80292 | X114: =AVERAGE($W$2:$W$198) -> 223.32806 | Y114: =((13-MONTH($C114))*INDEX($D114:$V114,1,MATCH(YEAR($C114),$D$1:$V$1,0))+12*INDEX($D114:$V114,1,MATCH(YEAR($C114)+1,$D$1:$V$1,0))+12*INDEX($D114:$V114,1,MATCH(YEAR($C114)+2,$D$1:$V$1,0))+12*INDEX($D114:$V114,1,MATCH(YEAR($C114)+3,$D$1:$V$1,0))+12*INDEX($D114:$V114,1,MATCH(YEAR($C114)+4,$D$1:$V$1,0))+(MONTH($C114)-1)*INDEX($D114:$V114,1,MATCH(YEAR($C114)+5,$D$1:$V$1,0)))/60 -> 178.39024 | Z114: =AVERAGE($Y$2:$Y$198) -> 216.50022 | AA114: =IF(MONTH($C114)=1,Forward!AA114*(1+SUM($B114:$B$228)),AA113) -> 21.14593 | AB114: =IF(MONTH($C114)=1,Forward!AB114*(1+SUM($B114:$B$228)),AB113) -> 50.065934 | AC114: =IF(MONTH($C114)=1,Forward!AC114*(1+SUM($B114:$B$228)),AC113) -> 88.364186 | AD114: =IF(MONTH($C114)=1,Forward!AD114*(1+SUM($B114:$B$228)),AD113) -> 392.63 | AE114: =AD114*(1-1%) -> 388.7037 | AF114: =$AE114+$AA114 -> 409.84963 | AG114: =$AE114+$AB114 -> 438.76963 | AH114: =$AE114+$AC114 -> 477.06789 | AI114: =(AE114-W114) -> 214.90078 | AJ114: =(AE114-W114)/AE114 -> 0.55286527 | AK114: =IF(AJ114>0,AJ114,0) -> 0.55286527 | AL114: =IF(AJ114<0,AJ114,0) -> 0 | AM114: =Forward!AI114*(1+SUM($B114:$B$228)) -> 132.468 | AN114: =Forward!AJ114*(1+SUM($B114:$B$228)) -> 176.624 | AO114: =Forward!AK114*(1+SUM($B114:$B$228)) -> 193.1825 | AP114: =Forward!AL114*(1+SUM($B114:$B$228)) -> 189.8708 | AQ114: =Forward!AM114*(1+SUM($B114:$B$228)) -> 184.3513
A115: =Forward!A115 -> 0.0081 | B115: =Forward!B115 -> 0.0021 | C115: 45444 | M115: =Forward!M115*(1+SUM($B115:$B$228)) -> 189.0796 | N115: =Forward!N115*(1+SUM($B115:$B$228)) -> 205.5691 | O115: =Forward!O115*(1+SUM($B115:$B$228)) -> 206.6684 | P115: =Forward!P115*(1+SUM($B115:$B$228)) -> 197.874 | Q115: =Forward!Q115*(1+SUM($B115:$B$228)) -> 192.3775 | R115: =Forward!R115*(1+SUM($B115:$B$228)) -> 186.881 | S115: =Forward!S115*(1+SUM($B115:$B$228)) -> 181.3845 | T115: =Forward!T115*(1+SUM($B115:$B$228)) -> 175.888 | U115: =Forward!U115*(1+SUM($B115:$B$228)) -> 0 | W115: =((13-MONTH($C115))*INDEX($D115:$V115,1,MATCH(YEAR($C115),$D$1:$V$1,0))+12*INDEX($D115:$V115,1,MATCH(YEAR($C115)+1,$D$1:$V$1,0))+12*INDEX($D115:$V115,1,MATCH(YEAR($C115)+2,$D$1:$V$1,0))+(MONTH($C115)-1)*INDEX($D115:$V115,1,MATCH(YEAR($C115)+3,$D$1:$V$1,0)))/36 -> 201.66048 | X115: =AVERAGE($W$2:$W$198) -> 223.32806 | Y115: =((13-MONTH($C115))*INDEX($D115:$V115,1,MATCH(YEAR($C115),$D$1:$V$1,0))+12*INDEX($D115:$V115,1,MATCH(YEAR($C115)+1,$D$1:$V$1,0))+12*INDEX($D115:$V115,1,MATCH(YEAR($C115)+2,$D$1:$V$1,0))+12*INDEX($D115:$V115,1,MATCH(YEAR($C115)+3,$D$1:$V$1,0))+12*INDEX($D115:$V115,1,MATCH(YEAR($C115)+4,$D$1:$V$1,0))+(MONTH($C115)-1)*INDEX($D115:$V115,1,MATCH(YEAR($C115)+5,$D$1:$V$1,0)))/60 -> 198.1305 | Z115: =AVERAGE($Y$2:$Y$198) -> 216.50022 | AA115: =IF(MONTH($C115)=1,Forward!AA115*(1+SUM($B115:$B$228)),AA114) -> 21.14593 | AB115: =IF(MONTH($C115)=1,Forward!AB115*(1+SUM($B115:$B$228)),AB114) -> 50.065934 | AC115: =IF(MONTH($C115)=1,Forward!AC115*(1+SUM($B115:$B$228)),AC114) -> 88.364186 | AD115: =IF(MONTH($C115)=1,Forward!AD115*(1+SUM($B115:$B$228)),AD114) -> 392.63 | AE115: =AD115*(1-1%) -> 388.7037 | AF115: =$AE115+$AA115 -> 409.84963 | AG115: =$AE115+$AB115 -> 438.76963 | AH115: =$AE115+$AC115 -> 477.06789 | AI115: =(AE115-W115) -> 187.04322 | AJ115: =(AE115-W115)/AE115 -> 0.48119743 | AK115: =IF(AJ115>0,AJ115,0) -> 0.48119743 | AL115: =IF(AJ115<0,AJ115,0) -> 0 | AM115: =Forward!AI115*(1+SUM($B115:$B$228)) -> 189.0796 | AN115: =Forward!AJ115*(1+SUM($B115:$B$228)) -> 205.5691 | AO115: =Forward!AK115*(1+SUM($B115:$B$228)) -> 206.6684 | AP115: =Forward!AL115*(1+SUM($B115:$B$228)) -> 197.874 | AQ115: =Forward!AM115*(1+SUM($B115:$B$228)) -> 192.3775
A116: =Forward!A116 -> 0.0061 | B116: =Forward!B116 -> 0.0038 | C116: 45474 | M116: =Forward!M116*(1+SUM($B116:$B$228)) -> 252.356 | N116: =Forward!N116*(1+SUM($B116:$B$228)) -> 232.6064 | O116: =Forward!O116*(1+SUM($B116:$B$228)) -> 216.1484 | P116: =Forward!P116*(1+SUM($B116:$B$228)) -> 198.5932 | Q116: =Forward!Q116*(1+SUM($B116:$B$228)) -> 193.1072 | R116: =Forward!R116*(1+SUM($B116:$B$228)) -> 187.6212 | S116: =Forward!S116*(1+SUM($B116:$B$228)) -> 182.1352 | T116: =Forward!T116*(1+SUM($B116:$B$228)) -> 176.6492 | U116: =Forward!U116*(1+SUM($B116:$B$228)) -> 0 | W116: =((13-MONTH($C116))*INDEX($D116:$V116,1,MATCH(YEAR($C116),$D$1:$V$1,0))+12*INDEX($D116:$V116,1,MATCH(YEAR($C116)+1,$D$1:$V$1,0))+12*INDEX($D116:$V116,1,MATCH(YEAR($C116)+2,$D$1:$V$1,0))+(MONTH($C116)-1)*INDEX($D116:$V116,1,MATCH(YEAR($C116)+3,$D$1:$V$1,0)))/36 -> 224.74313 | X116: =AVERAGE($W$2:$W$198) -> 223.32806 | Y116: =((13-MONTH($C116))*INDEX($D116:$V116,1,MATCH(YEAR($C116),$D$1:$V$1,0))+12*INDEX($D116:$V116,1,MATCH(YEAR($C116)+1,$D$1:$V$1,0))+12*INDEX($D116:$V116,1,MATCH(YEAR($C116)+2,$D$1:$V$1,0))+12*INDEX($D116:$V116,1,MATCH(YEAR($C116)+3,$D$1:$V$1,0))+12*INDEX($D116:$V116,1,MATCH(YEAR($C116)+4,$D$1:$V$1,0))+(MONTH($C116)-1)*INDEX($D116:$V116,1,MATCH(YEAR($C116)+5,$D$1:$V$1,0)))/60 -> 212.08876 | Z116: =AVERAGE($Y$2:$Y$198) -> 216.50022 | AA116: =IF(MONTH($C116)=1,Forward!AA116*(1+SUM($B116:$B$228)),AA115) -> 21.14593 | AB116: =IF(MONTH($C116)=1,Forward!AB116*(1+SUM($B116:$B$228)),AB115) -> 50.065934 | AC116: =IF(MONTH($C116)=1,Forward!AC116*(1+SUM($B116:$B$228)),AC115) -> 88.364186 | AD116: =IF(MONTH($C116)=1,Forward!AD116*(1+SUM($B116:$B$228)),AD115) -> 392.63 | AE116: =AD116*(1-1%) -> 388.7037 | AF116: =$AE116+$AA116 -> 409.84963 | AG116: =$AE116+$AB116 -> 438.76963 | AH116: =$AE116+$AC116 -> 477.06789 | AI116: =(AE116-W116) -> 163.96057 | AJ116: =(AE116-W116)/AE116 -> 0.42181375 | AK116: =IF(AJ116>0,AJ116,0) -> 0.42181375 | AL116: =IF(AJ116<0,AJ116,0) -> 0 | AM116: =Forward!AI116*(1+SUM($B116:$B$228)) -> 252.356 | AN116: =Forward!AJ116*(1+SUM($B116:$B$228)) -> 232.6064 | AO116: =Forward!AK116*(1+SUM($B116:$B$228)) -> 216.1484 | AP116: =Forward!AL116*(1+SUM($B116:$B$228)) -> 198.5932 | AQ116: =Forward!AM116*(1+SUM($B116:$B$228)) -> 193.1072
A117: =Forward!A117 -> 0.0029 | B117: =Forward!B117 -> 0.0019 | C117: 45505 | M117: =Forward!M117*(1+SUM($B117:$B$228)) -> 202.279 | N117: =Forward!N117*(1+SUM($B117:$B$228)) -> 220.8668 | O117: =Forward!O117*(1+SUM($B117:$B$228)) -> 209.9328 | P117: =Forward!P117*(1+SUM($B117:$B$228)) -> 196.812 | Q117: =Forward!Q117*(1+SUM($B117:$B$228)) -> 191.345 | R117: =Forward!R117*(1+SUM($B117:$B$228)) -> 185.878 | S117: =Forward!S117*(1+SUM($B117:$B$228)) -> 180.411 | T117: =Forward!T117*(1+SUM($B117:$B$228)) -> 174.944 | U117: =Forward!U117*(1+SUM($B117:$B$228)) -> 0 | W117: =((13-MONTH($C117))*INDEX($D117:$V117,1,MATCH(YEAR($C117),$D$1:$V$1,0))+12*INDEX($D117:$V117,1,MATCH(YEAR($C117)+1,$D$1:$V$1,0))+12*INDEX($D117:$V117,1,MATCH(YEAR($C117)+2,$D$1:$V$1,0))+(MONTH($C117)-1)*INDEX($D117:$V117,1,MATCH(YEAR($C117)+3,$D$1:$V$1,0)))/36 -> 209.96317 | X117: =AVERAGE($W$2:$W$198) -> 223.32806 | Y117: =((13-MONTH($C117))*INDEX($D117:$V117,1,MATCH(YEAR($C117),$D$1:$V$1,0))+12*INDEX($D117:$V117,1,MATCH(YEAR($C117)+1,$D$1:$V$1,0))+12*INDEX($D117:$V117,1,MATCH(YEAR($C117)+2,$D$1:$V$1,0))+12*INDEX($D117:$V117,1,MATCH(YEAR($C117)+3,$D$1:$V$1,0))+12*INDEX($D117:$V117,1,MATCH(YEAR($C117)+4,$D$1:$V$1,0))+(MONTH($C117)-1)*INDEX($D117:$V117,1,MATCH(YEAR($C117)+5,$D$1:$V$1,0)))/60 -> 202.33367 | Z117: =AVERAGE($Y$2:$Y$198) -> 216.50022 | AA117: =IF(MONTH($C117)=1,Forward!AA117*(1+SUM($B117:$B$228)),AA116) -> 21.14593 | AB117: =IF(MONTH($C117)=1,Forward!AB117*(1+SUM($B117:$B$228)),AB116) -> 50.065934 | AC117: =IF(MONTH($C117)=1,Forward!AC117*(1+SUM($B117:$B$228)),AC116) -> 88.364186 | AD117: =IF(MONTH($C117)=1,Forward!AD117*(1+SUM($B117:$B$228)),AD116) -> 392.63 | AE117: =AD117*(1-1%) -> 388.7037 | AF117: =$AE117+$AA117 -> 409.84963 | AG117: =$AE117+$AB117 -> 438.76963 | AH117: =$AE117+$AC117 -> 477.06789 | AI117: =(AE117-W117) -> 178.74053 | AJ117: =(AE117-W117)/AE117 -> 0.45983747 | AK117: =IF(AJ117>0,AJ117,0) -> 0.45983747 | AL117: =IF(AJ117<0,AJ117,0) -> 0 | AM117: =Forward!AI117*(1+SUM($B117:$B$228)) -> 202.279 | AN117: =Forward!AJ117*(1+SUM($B117:$B$228)) -> 220.8668 | AO117: =Forward!AK117*(1+SUM($B117:$B$228)) -> 209.9328 | AP117: =Forward!AL117*(1+SUM($B117:$B$228)) -> 196.812 | AQ117: =Forward!AM117*(1+SUM($B117:$B$228)) -> 191.345
A118: =Forward!A118 -> 0.0062 | B118: =Forward!B118 -> 0.0044 | C118: 45536 | M118: =Forward!M118*(1+SUM($B118:$B$228)) -> 248.862 | N118: =Forward!N118*(1+SUM($B118:$B$228)) -> 235.764 | O118: =Forward!O118*(1+SUM($B118:$B$228)) -> 218.3 | P118: =Forward!P118*(1+SUM($B118:$B$228)) -> 199.7445 | Q118: =Forward!Q118*(1+SUM($B118:$B$228)) -> 194.287 | R118: =Forward!R118*(1+SUM($B118:$B$228)) -> 188.8295 | S118: =Forward!S118*(1+SUM($B118:$B$228)) -> 183.372 | T118: =Forward!T118*(1+SUM($B118:$B$228)) -> 177.9145 | U118: =Forward!U118*(1+SUM($B118:$B$228)) -> 0 | W118: =((13-MONTH($C118))*INDEX($D118:$V118,1,MATCH(YEAR($C118),$D$1:$V$1,0))+12*INDEX($D118:$V118,1,MATCH(YEAR($C118)+1,$D$1:$V$1,0))+12*INDEX($D118:$V118,1,MATCH(YEAR($C118)+2,$D$1:$V$1,0))+(MONTH($C118)-1)*INDEX($D118:$V118,1,MATCH(YEAR($C118)+3,$D$1:$V$1,0)))/36 -> 223.39367 | X118: =AVERAGE($W$2:$W$198) -> 223.32806 | Y118: =((13-MONTH($C118))*INDEX($D118:$V118,1,MATCH(YEAR($C118),$D$1:$V$1,0))+12*INDEX($D118:$V118,1,MATCH(YEAR($C118)+1,$D$1:$V$1,0))+12*INDEX($D118:$V118,1,MATCH(YEAR($C118)+2,$D$1:$V$1,0))+12*INDEX($D118:$V118,1,MATCH(YEAR($C118)+3,$D$1:$V$1,0))+12*INDEX($D118:$V118,1,MATCH(YEAR($C118)+4,$D$1:$V$1,0))+(MONTH($C118)-1)*INDEX($D118:$V118,1,MATCH(YEAR($C118)+5,$D$1:$V$1,0)))/60 -> 211.38717 | Z118: =AVERAGE($Y$2:$Y$198) -> 216.50022 | AA118: =IF(MONTH($C118)=1,Forward!AA118*(1+SUM($B118:$B$228)),AA117) -> 21.14593 | AB118: =IF(MONTH($C118)=1,Forward!AB118*(1+SUM($B118:$B$228)),AB117) -> 50.065934 | AC118: =IF(MONTH($C118)=1,Forward!AC118*(1+SUM($B118:$B$228)),AC117) -> 88.364186 | AD118: =IF(MONTH($C118)=1,Forward!AD118*(1+SUM($B118:$B$228)),AD117) -> 392.63 | AE118: =AD118*(1-1%) -> 388.7037 | AF118: =$AE118+$AA118 -> 409.84963 | AG118: =$AE118+$AB118 -> 438.76963 | AH118: =$AE118+$AC118 -> 477.06789 | AI118: =(AE118-W118) -> 165.31003 | AJ118: =(AE118-W118)/AE118 -> 0.42528546 | AK118: =IF(AJ118>0,AJ118,0) -> 0.42528546 | AL118: =IF(AJ118<0,AJ118,0) -> 0 | AM118: =Forward!AI118*(1+SUM($B118:$B$228)) -> 248.862 | AN118: =Forward!AJ118*(1+SUM($B118:$B$228)) -> 235.764 | AO118: =Forward!AK118*(1+SUM($B118:$B$228)) -> 218.3 | AP118: =Forward!AL118*(1+SUM($B118:$B$228)) -> 199.7445 | AQ118: =Forward!AM118*(1+SUM($B118:$B$228)) -> 194.287
A119: =Forward!A119 -> 0.0152 | B119: =Forward!B119 -> 0.0054 | C119: 45566 | M119: =Forward!M119*(1+SUM($B119:$B$228)) -> 347.872 | N119: =Forward!N119*(1+SUM($B119:$B$228)) -> 264.1653 | O119: =Forward!O119*(1+SUM($B119:$B$228)) -> 218.5071 | P119: =Forward!P119*(1+SUM($B119:$B$228)) -> 196.7651 | Q119: =Forward!Q119*(1+SUM($B119:$B$228)) -> 191.3296 | R119: =Forward!R119*(1+SUM($B119:$B$228)) -> 185.8941 | S119: =Forward!S119*(1+SUM($B119:$B$228)) -> 180.4586 | T119: =Forward!T119*(1+SUM($B119:$B$228)) -> 175.0231 | U119: =Forward!U119*(1+SUM($B119:$B$228)) -> 0 | W119: =((13-MONTH($C119))*INDEX($D119:$V119,1,MATCH(YEAR($C119),$D$1:$V$1,0))+12*INDEX($D119:$V119,1,MATCH(YEAR($C119)+1,$D$1:$V$1,0))+12*INDEX($D119:$V119,1,MATCH(YEAR($C119)+2,$D$1:$V$1,0))+(MONTH($C119)-1)*INDEX($D119:$V119,1,MATCH(YEAR($C119)+3,$D$1:$V$1,0)))/36 -> 239.07141 | X119: =AVERAGE($W$2:$W$198) -> 223.32806 | Y119: =((13-MONTH($C119))*INDEX($D119:$V119,1,MATCH(YEAR($C119),$D$1:$V$1,0))+12*INDEX($D119:$V119,1,MATCH(YEAR($C119)+1,$D$1:$V$1,0))+12*INDEX($D119:$V119,1,MATCH(YEAR($C119)+2,$D$1:$V$1,0))+12*INDEX($D119:$V119,1,MATCH(YEAR($C119)+3,$D$1:$V$1,0))+12*INDEX($D119:$V119,1,MATCH(YEAR($C119)+4,$D$1:$V$1,0))+(MONTH($C119)-1)*INDEX($D119:$V119,1,MATCH(YEAR($C119)+5,$D$1:$V$1,0)))/60 -> 219.43113 | Z119: =AVERAGE($Y$2:$Y$198) -> 216.50022 | AA119: =IF(MONTH($C119)=1,Forward!AA119*(1+SUM($B119:$B$228)),AA118) -> 21.14593 | AB119: =IF(MONTH($C119)=1,Forward!AB119*(1+SUM($B119:$B$228)),AB118) -> 50.065934 | AC119: =IF(MONTH($C119)=1,Forward!AC119*(1+SUM($B119:$B$228)),AC118) -> 88.364186 | AD119: =IF(MONTH($C119)=1,Forward!AD119*(1+SUM($B119:$B$228)),AD118) -> 392.63 | AE119: =AD119*(1-1%) -> 388.7037 | AF119: =$AE119+$AA119 -> 409.84963 | AG119: =$AE119+$AB119 -> 438.76963 | AH119: =$AE119+$AC119 -> 477.06789 | AI119: =(AE119-W119) -> 149.63229 | AJ119: =(AE119-W119)/AE119 -> 0.38495206 | AK119: =IF(AJ119>0,AJ119,0) -> 0.38495206 | AL119: =IF(AJ119<0,AJ119,0) -> 0 | AM119: =Forward!AI119*(1+SUM($B119:$B$228)) -> 347.872 | AN119: =Forward!AJ119*(1+SUM($B119:$B$228)) -> 264.1653 | AO119: =Forward!AK119*(1+SUM($B119:$B$228)) -> 218.5071 | AP119: =Forward!AL119*(1+SUM($B119:$B$228)) -> 196.7651 | AQ119: =Forward!AM119*(1+SUM($B119:$B$228)) -> 191.3296
A120: =Forward!A120 -> 0.013 | B120: =Forward!B120 -> 0.0039 | C120: 45597 | M120: =Forward!M120*(1+SUM($B120:$B$228)) -> 305.0394 | N120: =Forward!N120*(1+SUM($B120:$B$228)) -> 190.3792 | O120: =Forward!O120*(1+SUM($B120:$B$228)) -> 204.4413 | P120: =Forward!P120*(1+SUM($B120:$B$228)) -> 192.5426 | Q120: =Forward!Q120*(1+SUM($B120:$B$228)) -> 187.1341 | R120: =Forward!R120*(1+SUM($B120:$B$228)) -> 181.7256 | S120: =Forward!S120*(1+SUM($B120:$B$228)) -> 176.3171 | T120: =Forward!T120*(1+SUM($B120:$B$228)) -> 170.9086 | U120: =Forward!U120*(1+SUM($B120:$B$228)) -> 0 | W120: =((13-MONTH($C120))*INDEX($D120:$V120,1,MATCH(YEAR($C120),$D$1:$V$1,0))+12*INDEX($D120:$V120,1,MATCH(YEAR($C120)+1,$D$1:$V$1,0))+12*INDEX($D120:$V120,1,MATCH(YEAR($C120)+2,$D$1:$V$1,0))+(MONTH($C120)-1)*INDEX($D120:$V120,1,MATCH(YEAR($C120)+3,$D$1:$V$1,0)))/36 -> 202.03752 | X120: =AVERAGE($W$2:$W$198) -> 223.32806 | Y120: =((13-MONTH($C120))*INDEX($D120:$V120,1,MATCH(YEAR($C120),$D$1:$V$1,0))+12*INDEX($D120:$V120,1,MATCH(YEAR($C120)+1,$D$1:$V$1,0))+12*INDEX($D120:$V120,1,MATCH(YEAR($C120)+2,$D$1:$V$1,0))+12*INDEX($D120:$V120,1,MATCH(YEAR($C120)+3,$D$1:$V$1,0))+12*INDEX($D120:$V120,1,MATCH(YEAR($C120)+4,$D$1:$V$1,0))+(MONTH($C120)-1)*INDEX($D120:$V120,1,MATCH(YEAR($C120)+5,$D$1:$V$1,0)))/60 -> 195.35502 | Z120: =AVERAGE($Y$2:$Y$198) -> 216.50022 | AA120: =IF(MONTH($C120)=1,Forward!AA120*(1+SUM($B120:$B$228)),AA119) -> 21.14593 | AB120: =IF(MONTH($C120)=1,Forward!AB120*(1+SUM($B120:$B$228)),AB119) -> 50.065934 | AC120: =IF(MONTH($C120)=1,Forward!AC120*(1+SUM($B120:$B$228)),AC119) -> 88.364186 | AD120: =IF(MONTH($C120)=1,Forward!AD120*(1+SUM($B120:$B$228)),AD119) -> 392.63 | AE120: =AD120*(1-1%) -> 388.7037 | AF120: =$AE120+$AA120 -> 409.84963 | AG120: =$AE120+$AB120 -> 438.76963 | AH120: =$AE120+$AC120 -> 477.06789 | AI120: =(AE120-W120) -> 186.66618 | AJ120: =(AE120-W120)/AE120 -> 0.48022743 | AK120: =IF(AJ120>0,AJ120,0) -> 0.48022743 | AL120: =IF(AJ120<0,AJ120,0) -> 0 | AM120: =Forward!AI120*(1+SUM($B120:$B$228)) -> 305.0394 | AN120: =Forward!AJ120*(1+SUM($B120:$B$228)) -> 190.3792 | AO120: =Forward!AK120*(1+SUM($B120:$B$228)) -> 204.4413 | AP120: =Forward!AL120*(1+SUM($B120:$B$228)) -> 192.5426 | AQ120: =Forward!AM120*(1+SUM($B120:$B$228)) -> 187.1341
A121: =Forward!A121 -> 0.0094 | B121: =Forward!B121 -> 0.0052 | C121: 45627 | M121: =Forward!M121*(1+SUM($B121:$B$228)) -> 126.1026 | N121: =Forward!N121*(1+SUM($B121:$B$228)) -> 194.004 | O121: =Forward!O121*(1+SUM($B121:$B$228)) -> 205.8598 | P121: =Forward!P121*(1+SUM($B121:$B$228)) -> 200.4708 | Q121: =Forward!Q121*(1+SUM($B121:$B$228)) -> 195.0818 | R121: =Forward!R121*(1+SUM($B121:$B$228)) -> 189.6928 | S121: =Forward!S121*(1+SUM($B121:$B$228)) -> 184.3038 | T121: =Forward!T121*(1+SUM($B121:$B$228)) -> 178.9148 | U121: =Forward!U121*(1+SUM($B121:$B$228)) -> 0 | W121: =((13-MONTH($C121))*INDEX($D121:$V121,1,MATCH(YEAR($C121),$D$1:$V$1,0))+12*INDEX($D121:$V121,1,MATCH(YEAR($C121)+1,$D$1:$V$1,0))+12*INDEX($D121:$V121,1,MATCH(YEAR($C121)+2,$D$1:$V$1,0))+(MONTH($C121)-1)*INDEX($D121:$V121,1,MATCH(YEAR($C121)+3,$D$1:$V$1,0)))/36 -> 198.04575 | X121: =AVERAGE($W$2:$W$198) -> 223.32806 | Y121: =((13-MONTH($C121))*INDEX($D121:$V121,1,MATCH(YEAR($C121),$D$1:$V$1,0))+12*INDEX($D121:$V121,1,MATCH(YEAR($C121)+1,$D$1:$V$1,0))+12*INDEX($D121:$V121,1,MATCH(YEAR($C121)+2,$D$1:$V$1,0))+12*INDEX($D121:$V121,1,MATCH(YEAR($C121)+3,$D$1:$V$1,0))+12*INDEX($D121:$V121,1,MATCH(YEAR($C121)+4,$D$1:$V$1,0))+(MONTH($C121)-1)*INDEX($D121:$V121,1,MATCH(YEAR($C121)+5,$D$1:$V$1,0)))/60 -> 195.962 | Z121: =AVERAGE($Y$2:$Y$198) -> 216.50022 | AA121: =IF(MONTH($C121)=1,Forward!AA121*(1+SUM($B121:$B$228)),AA120) -> 21.14593 | AB121: =IF(MONTH($C121)=1,Forward!AB121*(1+SUM($B121:$B$228)),AB120) -> 50.065934 | AC121: =IF(MONTH($C121)=1,Forward!AC121*(1+SUM($B121:$B$228)),AC120) -> 88.364186 | AD121: =IF(MONTH($C121)=1,Forward!AD121*(1+SUM($B121:$B$228)),AD120) -> 392.63 | AE121: =AD121*(1-1%) -> 388.7037 | AF121: =$AE121+$AA121 -> 409.84963 | AG121: =$AE121+$AB121 -> 438.76963 | AH121: =$AE121+$AC121 -> 477.06789 | AI121: =(AE121-W121) -> 190.65795 | AJ121: =(AE121-W121)/AE121 -> 0.49049687 | AK121: =IF(AJ121>0,AJ121,0) -> 0.49049687 | AL121: =IF(AJ121<0,AJ121,0) -> 0 | AM121: =Forward!AI121*(1+SUM($B121:$B$228)) -> 126.1026 | AN121: =Forward!AJ121*(1+SUM($B121:$B$228)) -> 194.004 | AO121: =Forward!AK121*(1+SUM($B121:$B$228)) -> 205.8598 | AP121: =Forward!AL121*(1+SUM($B121:$B$228)) -> 200.4708 | AQ121: =Forward!AM121*(1+SUM($B121:$B$228)) -> 195.0818
A122: =Forward!A122 -> 0.0027 | B122: =Forward!B122 -> 0.0016 | C122: 45658 | N122: =Forward!N122*(1+SUM($B122:$B$228)) -> 187.705 | O122: =Forward!O122*(1+SUM($B122:$B$228)) -> 213.4474 | P122: =Forward!P122*(1+SUM($B122:$B$228)) -> 193.068 | Q122: =Forward!Q122*(1+SUM($B122:$B$228)) -> 187.705 | R122: =Forward!R122*(1+SUM($B122:$B$228)) -> 182.342 | S122: =Forward!S122*(1+SUM($B122:$B$228)) -> 176.979 | T122: =Forward!T122*(1+SUM($B122:$B$228)) -> 171.616 | U122: =Forward!U122*(1+SUM($B122:$B$228)) -> 0 | W122: =((13-MONTH($C122))*INDEX($D122:$V122,1,MATCH(YEAR($C122),$D$1:$V$1,0))+12*INDEX($D122:$V122,1,MATCH(YEAR($C122)+1,$D$1:$V$1,0))+12*INDEX($D122:$V122,1,MATCH(YEAR($C122)+2,$D$1:$V$1,0))+(MONTH($C122)-1)*INDEX($D122:$V122,1,MATCH(YEAR($C122)+3,$D$1:$V$1,0)))/36 -> 198.07347 | X122: =AVERAGE($W$2:$W$198) -> 223.32806 | Y122: =((13-MONTH($C122))*INDEX($D122:$V122,1,MATCH(YEAR($C122),$D$1:$V$1,0))+12*INDEX($D122:$V122,1,MATCH(YEAR($C122)+1,$D$1:$V$1,0))+12*INDEX($D122:$V122,1,MATCH(YEAR($C122)+2,$D$1:$V$1,0))+12*INDEX($D122:$V122,1,MATCH(YEAR($C122)+3,$D$1:$V$1,0))+12*INDEX($D122:$V122,1,MATCH(YEAR($C122)+4,$D$1:$V$1,0))+(MONTH($C122)-1)*INDEX($D122:$V122,1,MATCH(YEAR($C122)+5,$D$1:$V$1,0)))/60 -> 192.85348 | Z122: =AVERAGE($Y$2:$Y$198) -> 216.50022 | AA122: =IF(MONTH($C122)=1,Forward!AA122*(1+SUM($B122:$B$228)),AA121) -> 20.21851 | AB122: =IF(MONTH($C122)=1,Forward!AB122*(1+SUM($B122:$B$228)),AB121) -> 47.870138 | AC122: =IF(MONTH($C122)=1,Forward!AC122*(1+SUM($B122:$B$228)),AC121) -> 84.488702 | AD122: =IF(MONTH($C122)=1,Forward!AD122*(1+SUM($B122:$B$228)),AD121) -> 418.314 | AE122: =AD122*(1-3%) -> 405.76458 | AF122: =$AE122+$AA122 -> 425.98309 | AG122: =$AE122+$AB122 -> 453.63472 | AH122: =$AE122+$AC122 -> 490.25328 | AI122: =(AE122-W122) -> 207.69111 | AJ122: =(AE122-W122)/AE122 -> 0.51185126 | AK122: =IF(AJ122>0,AJ122,0) -> 0.51185126 | AL122: =IF(AJ122<0,AJ122,0) -> 0 | AM122: =Forward!AI122*(1+SUM($B122:$B$228)) -> 187.705 | AN122: =Forward!AJ122*(1+SUM($B122:$B$228)) -> 213.4474 | AO122: =Forward!AK122*(1+SUM($B122:$B$228)) -> 193.068 | AP122: =Forward!AL122*(1+SUM($B122:$B$228)) -> 187.705 | AQ122: =Forward!AM122*(1+SUM($B122:$B$228)) -> 182.342
A123: =Forward!A123 -> 0.0106 | B123: =Forward!B123 -> 0.0131 | C123: 45689 | N123: =Forward!N123*(1+SUM($B123:$B$228)) -> 243.117 | O123: =Forward!O123*(1+SUM($B123:$B$228)) -> 234.549 | P123: =Forward!P123*(1+SUM($B123:$B$228)) -> 212.058 | Q123: =Forward!Q123*(1+SUM($B123:$B$228)) -> 195.993 | R123: =Forward!R123*(1+SUM($B123:$B$228)) -> 190.638 | S123: =Forward!S123*(1+SUM($B123:$B$228)) -> 185.283 | T123: =Forward!T123*(1+SUM($B123:$B$228)) -> 174.573 | U123: =Forward!U123*(1+SUM($B123:$B$228)) -> 0 | W123: =((13-MONTH($C123))*INDEX($D123:$V123,1,MATCH(YEAR($C123),$D$1:$V$1,0))+12*INDEX($D123:$V123,1,MATCH(YEAR($C123)+1,$D$1:$V$1,0))+12*INDEX($D123:$V123,1,MATCH(YEAR($C123)+2,$D$1:$V$1,0))+(MONTH($C123)-1)*INDEX($D123:$V123,1,MATCH(YEAR($C123)+3,$D$1:$V$1,0)))/36 -> 228.599 | X123: =AVERAGE($W$2:$W$198) -> 223.32806 | Y123: =((13-MONTH($C123))*INDEX($D123:$V123,1,MATCH(YEAR($C123),$D$1:$V$1,0))+12*INDEX($D123:$V123,1,MATCH(YEAR($C123)+1,$D$1:$V$1,0))+12*INDEX($D123:$V123,1,MATCH(YEAR($C123)+2,$D$1:$V$1,0))+12*INDEX($D123:$V123,1,MATCH(YEAR($C123)+3,$D$1:$V$1,0))+12*INDEX($D123:$V123,1,MATCH(YEAR($C123)+4,$D$1:$V$1,0))+(MONTH($C123)-1)*INDEX($D123:$V123,1,MATCH(YEAR($C123)+5,$D$1:$V$1,0)))/60 -> 214.3071 | Z123: =AVERAGE($Y$2:$Y$198) -> 216.50022 | AA123: =IF(MONTH($C123)=1,Forward!AA123*(1+SUM($B123:$B$228)),AA122) -> 20.21851 | AB123: =IF(MONTH($C123)=1,Forward!AB123*(1+SUM($B123:$B$228)),AB122) -> 47.870138 | AC123: =IF(MONTH($C123)=1,Forward!AC123*(1+SUM($B123:$B$228)),AC122) -> 84.488702 | AD123: =IF(MONTH($C123)=1,Forward!AD123*(1+SUM($B123:$B$228)),AD122) -> 418.314 | AE123: =AD123*(1-3%) -> 405.76458 | AF123: =$AE123+$AA123 -> 425.98309 | AG123: =$AE123+$AB123 -> 453.63472 | AH123: =$AE123+$AC123 -> 490.25328 | AI123: =(AE123-W123) -> 177.16558 | AJ123: =(AE123-W123)/AE123 -> 0.4366216 | AK123: =IF(AJ123>0,AJ123,0) -> 0.4366216 | AL123: =IF(AJ123<0,AJ123,0) -> 0 | AM123: =Forward!AI123*(1+SUM($B123:$B$228)) -> 243.117 | AN123: =Forward!AJ123*(1+SUM($B123:$B$228)) -> 234.549 | AO123: =Forward!AK123*(1+SUM($B123:$B$228)) -> 212.058 | AP123: =Forward!AL123*(1+SUM($B123:$B$228)) -> 195.993 | AQ123: =Forward!AM123*(1+SUM($B123:$B$228)) -> 190.638
A124: =Forward!A124 -> -0.0034 | B124: =Forward!B124 -> 0.0064 | C124: 45717 | N124: =Forward!N124*(1+SUM($B124:$B$228)) -> 340.6438 | O124: =Forward!O124*(1+SUM($B124:$B$228)) -> 256.0118 | P124: =Forward!P124*(1+SUM($B124:$B$228)) -> 217.9274 | Q124: =Forward!Q124*(1+SUM($B124:$B$228)) -> 202.0589 | R124: =Forward!R124*(1+SUM($B124:$B$228)) -> 196.7694 | S124: =Forward!S124*(1+SUM($B124:$B$228)) -> 191.4799 | T124: =Forward!T124*(1+SUM($B124:$B$228)) -> 180.9009 | U124: =Forward!U124*(1+SUM($B124:$B$228)) -> 0 | W124: =((13-MONTH($C124))*INDEX($D124:$V124,1,MATCH(YEAR($C124),$D$1:$V$1,0))+12*INDEX($D124:$V124,1,MATCH(YEAR($C124)+1,$D$1:$V$1,0))+12*INDEX($D124:$V124,1,MATCH(YEAR($C124)+2,$D$1:$V$1,0))+(MONTH($C124)-1)*INDEX($D124:$V124,1,MATCH(YEAR($C124)+3,$D$1:$V$1,0)))/36 -> 263.82851 | X124: =AVERAGE($W$2:$W$198) -> 223.32806 | Y124: =((13-MONTH($C124))*INDEX($D124:$V124,1,MATCH(YEAR($C124),$D$1:$V$1,0))+12*INDEX($D124:$V124,1,MATCH(YEAR($C124)+1,$D$1:$V$1,0))+12*INDEX($D124:$V124,1,MATCH(YEAR($C124)+2,$D$1:$V$1,0))+12*INDEX($D124:$V124,1,MATCH(YEAR($C124)+3,$D$1:$V$1,0))+12*INDEX($D124:$V124,1,MATCH(YEAR($C124)+4,$D$1:$V$1,0))+(MONTH($C124)-1)*INDEX($D124:$V124,1,MATCH(YEAR($C124)+5,$D$1:$V$1,0)))/60 -> 237.71013 | Z124: =AVERAGE($Y$2:$Y$198) -> 216.50022 | AA124: =IF(MONTH($C124)=1,Forward!AA124*(1+SUM($B124:$B$228)),AA123) -> 20.21851 | AB124: =IF(MONTH($C124)=1,Forward!AB124*(1+SUM($B124:$B$228)),AB123) -> 47.870138 | AC124: =IF(MONTH($C124)=1,Forward!AC124*(1+SUM($B124:$B$228)),AC123) -> 84.488702 | AD124: =IF(MONTH($C124)=1,Forward!AD124*(1+SUM($B124:$B$228)),AD123) -> 418.314 | AE124: =AD124*(1-3%) -> 405.76458 | AF124: =$AE124+$AA124 -> 425.98309 | AG124: =$AE124+$AB124 -> 453.63472 | AH124: =$AE124+$AC124 -> 490.25328 | AI124: =(AE124-W124) -> 141.93607 | AJ124: =(AE124-W124)/AE124 -> 0.34979907 | AK124: =IF(AJ124>0,AJ124,0) -> 0.34979907 | AL124: =IF(AJ124<0,AJ124,0) -> 0 | AM124: =Forward!AI124*(1+SUM($B124:$B$228)) -> 340.6438 | AN124: =Forward!AJ124*(1+SUM($B124:$B$228)) -> 256.0118 | AO124: =Forward!AK124*(1+SUM($B124:$B$228)) -> 217.9274 | AP124: =Forward!AL124*(1+SUM($B124:$B$228)) -> 202.0589 | AQ124: =Forward!AM124*(1+SUM($B124:$B$228)) -> 196.7694
A125: =Forward!A125 -> 0.0024 | B125: =Forward!B125 -> 0.0043 | C125: 45748 | N125: =Forward!N125*(1+SUM($B125:$B$228)) -> 389.055 | O125: =Forward!O125*(1+SUM($B125:$B$228)) -> 287.0595 | P125: =Forward!P125*(1+SUM($B125:$B$228)) -> 229.227 | Q125: =Forward!Q125*(1+SUM($B125:$B$228)) -> 209.2485 | R125: =Forward!R125*(1+SUM($B125:$B$228)) -> 203.991 | S125: =Forward!S125*(1+SUM($B125:$B$228)) -> 198.7335 | T125: =Forward!T125*(1+SUM($B125:$B$228)) -> 188.2185 | U125: =Forward!U125*(1+SUM($B125:$B$228)) -> 0 | W125: =((13-MONTH($C125))*INDEX($D125:$V125,1,MATCH(YEAR($C125),$D$1:$V$1,0))+12*INDEX($D125:$V125,1,MATCH(YEAR($C125)+1,$D$1:$V$1,0))+12*INDEX($D125:$V125,1,MATCH(YEAR($C125)+2,$D$1:$V$1,0))+(MONTH($C125)-1)*INDEX($D125:$V125,1,MATCH(YEAR($C125)+3,$D$1:$V$1,0)))/36 -> 286.79662 | X125: =AVERAGE($W$2:$W$198) -> 223.32806 | Y125: =((13-MONTH($C125))*INDEX($D125:$V125,1,MATCH(YEAR($C125),$D$1:$V$1,0))+12*INDEX($D125:$V125,1,MATCH(YEAR($C125)+1,$D$1:$V$1,0))+12*INDEX($D125:$V125,1,MATCH(YEAR($C125)+2,$D$1:$V$1,0))+12*INDEX($D125:$V125,1,MATCH(YEAR($C125)+3,$D$1:$V$1,0))+12*INDEX($D125:$V125,1,MATCH(YEAR($C125)+4,$D$1:$V$1,0))+(MONTH($C125)-1)*INDEX($D125:$V125,1,MATCH(YEAR($C125)+5,$D$1:$V$1,0)))/60 -> 254.20012 | Z125: =AVERAGE($Y$2:$Y$198) -> 216.50022 | AA125: =IF(MONTH($C125)=1,Forward!AA125*(1+SUM($B125:$B$228)),AA124) -> 20.21851 | AB125: =IF(MONTH($C125)=1,Forward!AB125*(1+SUM($B125:$B$228)),AB124) -> 47.870138 | AC125: =IF(MONTH($C125)=1,Forward!AC125*(1+SUM($B125:$B$228)),AC124) -> 84.488702 | AD125: =IF(MONTH($C125)=1,Forward!AD125*(1+SUM($B125:$B$228)),AD124) -> 418.314 | AE125: =AD125*(1-3%) -> 405.76458 | AF125: =$AE125+$AA125 -> 425.98309 | AG125: =$AE125+$AB125 -> 453.63472 | AH125: =$AE125+$AC125 -> 490.25328 | AI125: =(AE125-W125) -> 118.96796 | AJ125: =(AE125-W125)/AE125 -> 0.29319453 | AK125: =IF(AJ125>0,AJ125,0) -> 0.29319453 | AL125: =IF(AJ125<0,AJ125,0) -> 0 | AM125: =Forward!AI125*(1+SUM($B125:$B$228)) -> 389.055 | AN125: =Forward!AJ125*(1+SUM($B125:$B$228)) -> 287.0595 | AO125: =Forward!AK125*(1+SUM($B125:$B$228)) -> 229.227 | AP125: =Forward!AL125*(1+SUM($B125:$B$228)) -> 209.2485 | AQ125: =Forward!AM125*(1+SUM($B125:$B$228)) -> 203.991
A126: =Forward!A126 -> -0.0049 | B126: =Forward!B126 -> 0.0026 | C126: 45778 | N126: =Forward!N126*(1+SUM($B126:$B$228)) -> 372.8032 | O126: =Forward!O126*(1+SUM($B126:$B$228)) -> 283.7912 | P126: =Forward!P126*(1+SUM($B126:$B$228)) -> 231.4312 | Q126: =Forward!Q126*(1+SUM($B126:$B$228)) -> 210.4872 | R126: =Forward!R126*(1+SUM($B126:$B$228)) -> 205.2512 | S126: =Forward!S126*(1+SUM($B126:$B$228)) -> 200.0152 | T126: =Forward!T126*(1+SUM($B126:$B$228)) -> 189.5432 | U126: =Forward!U126*(1+SUM($B126:$B$228)) -> 0 | W126: =((13-MONTH($C126))*INDEX($D126:$V126,1,MATCH(YEAR($C126),$D$1:$V$1,0))+12*INDEX($D126:$V126,1,MATCH(YEAR($C126)+1,$D$1:$V$1,0))+12*INDEX($D126:$V126,1,MATCH(YEAR($C126)+2,$D$1:$V$1,0))+(MONTH($C126)-1)*INDEX($D126:$V126,1,MATCH(YEAR($C126)+3,$D$1:$V$1,0)))/36 -> 277.97342 | X126: =AVERAGE($W$2:$W$198) -> 223.32806 | Y126: =((13-MONTH($C126))*INDEX($D126:$V126,1,MATCH(YEAR($C126),$D$1:$V$1,0))+12*INDEX($D126:$V126,1,MATCH(YEAR($C126)+1,$D$1:$V$1,0))+12*INDEX($D126:$V126,1,MATCH(YEAR($C126)+2,$D$1:$V$1,0))+12*INDEX($D126:$V126,1,MATCH(YEAR($C126)+3,$D$1:$V$1,0))+12*INDEX($D126:$V126,1,MATCH(YEAR($C126)+4,$D$1:$V$1,0))+(MONTH($C126)-1)*INDEX($D126:$V126,1,MATCH(YEAR($C126)+5,$D$1:$V$1,0)))/60 -> 249.2336 | Z126: =AVERAGE($Y$2:$Y$198) -> 216.50022 | AA126: =IF(MONTH($C126)=1,Forward!AA126*(1+SUM($B126:$B$228)),AA125) -> 20.21851 | AB126: =IF(MONTH($C126)=1,Forward!AB126*(1+SUM($B126:$B$228)),AB125) -> 47.870138 | AC126: =IF(MONTH($C126)=1,Forward!AC126*(1+SUM($B126:$B$228)),AC125) -> 84.488702 | AD126: =IF(MONTH($C126)=1,Forward!AD126*(1+SUM($B126:$B$228)),AD125) -> 418.314 | AE126: =AD126*(1-3%) -> 405.76458 | AF126: =$AE126+$AA126 -> 425.98309 | AG126: =$AE126+$AB126 -> 453.63472 | AH126: =$AE126+$AC126 -> 490.25328 | AI126: =(AE126-W126) -> 127.79116 | AJ126: =(AE126-W126)/AE126 -> 0.31493916 | AK126: =IF(AJ126>0,AJ126,0) -> 0.31493916 | AL126: =IF(AJ126<0,AJ126,0) -> 0 | AM126: =Forward!AI126*(1+SUM($B126:$B$228)) -> 372.8032 | AN126: =Forward!AJ126*(1+SUM($B126:$B$228)) -> 283.7912 | AO126: =Forward!AK126*(1+SUM($B126:$B$228)) -> 231.4312 | AP126: =Forward!AL126*(1+SUM($B126:$B$228)) -> 210.4872 | AQ126: =Forward!AM126*(1+SUM($B126:$B$228)) -> 205.2512
A127: =Forward!A127 -> -0.0167 | B127: =Forward!B127 -> 0.0024 | C127: 45809 | N127: =Forward!N127*(1+SUM($B127:$B$228)) -> 380.2344 | O127: =Forward!O127*(1+SUM($B127:$B$228)) -> 293.5326 | P127: =Forward!P127*(1+SUM($B127:$B$228)) -> 229.812 | Q127: =Forward!Q127*(1+SUM($B127:$B$228)) -> 211.0092 | R127: =Forward!R127*(1+SUM($B127:$B$228)) -> 205.7862 | S127: =Forward!S127*(1+SUM($B127:$B$228)) -> 200.5632 | T127: =Forward!T127*(1+SUM($B127:$B$228)) -> 190.1172 | U127: =Forward!U127*(1+SUM($B127:$B$228)) -> 0 | W127: =((13-MONTH($C127))*INDEX($D127:$V127,1,MATCH(YEAR($C127),$D$1:$V$1,0))+12*INDEX($D127:$V127,1,MATCH(YEAR($C127)+1,$D$1:$V$1,0))+12*INDEX($D127:$V127,1,MATCH(YEAR($C127)+2,$D$1:$V$1,0))+(MONTH($C127)-1)*INDEX($D127:$V127,1,MATCH(YEAR($C127)+3,$D$1:$V$1,0)))/36 -> 277.6895 | X127: =AVERAGE($W$2:$W$198) -> 223.32806 | Y127: =((13-MONTH($C127))*INDEX($D127:$V127,1,MATCH(YEAR($C127),$D$1:$V$1,0))+12*INDEX($D127:$V127,1,MATCH(YEAR($C127)+1,$D$1:$V$1,0))+12*INDEX($D127:$V127,1,MATCH(YEAR($C127)+2,$D$1:$V$1,0))+12*INDEX($D127:$V127,1,MATCH(YEAR($C127)+3,$D$1:$V$1,0))+12*INDEX($D127:$V127,1,MATCH(YEAR($C127)+4,$D$1:$V$1,0))+(MONTH($C127)-1)*INDEX($D127:$V127,1,MATCH(YEAR($C127)+5,$D$1:$V$1,0)))/60 -> 249.10228 | Z127: =AVERAGE($Y$2:$Y$198) -> 216.50022 | AA127: =IF(MONTH($C127)=1,Forward!AA127*(1+SUM($B127:$B$228)),AA126) -> 20.21851 | AB127: =IF(MONTH($C127)=1,Forward!AB127*(1+SUM($B127:$B$228)),AB126) -> 47.870138 | AC127: =IF(MONTH($C127)=1,Forward!AC127*(1+SUM($B127:$B$228)),AC126) -> 84.488702 | AD127: =IF(MONTH($C127)=1,Forward!AD127*(1+SUM($B127:$B$228)),AD126) -> 418.314 | AE127: =AD127*(1-3%) -> 405.76458 | AF127: =$AE127+$AA127 -> 425.98309 | AG127: =$AE127+$AB127 -> 453.63472 | AH127: =$AE127+$AC127 -> 490.25328 | AI127: =(AE127-W127) -> 128.07508 | AJ127: =(AE127-W127)/AE127 -> 0.31563889 | AK127: =IF(AJ127>0,AJ127,0) -> 0.31563889 | AL127: =IF(AJ127<0,AJ127,0) -> 0 | AM127: =Forward!AI127*(1+SUM($B127:$B$228)) -> 380.2344 | AN127: =Forward!AJ127*(1+SUM($B127:$B$228)) -> 293.5326 | AO127: =Forward!AK127*(1+SUM($B127:$B$228)) -> 229.812 | AP127: =Forward!AL127*(1+SUM($B127:$B$228)) -> 211.0092 | AQ127: =Forward!AM127*(1+SUM($B127:$B$228)) -> 205.7862
A128: =Forward!A128 -> -0.0077 | B128: =Forward!B128 -> 0.0026 | C128: 45839 | N128: =Forward!N128*(1+SUM($B128:$B$228)) -> 329.3352 | O128: =Forward!O128*(1+SUM($B128:$B$228)) -> 287.6472 | P128: =Forward!P128*(1+SUM($B128:$B$228)) -> 233.4528 | Q128: =Forward!Q128*(1+SUM($B128:$B$228)) -> 212.6088 | R128: =Forward!R128*(1+SUM($B128:$B$228)) -> 207.3978 | S128: =Forward!S128*(1+SUM($B128:$B$228)) -> 202.1868 | T128: =Forward!T128*(1+SUM($B128:$B$228)) -> 191.7648 | U128: =Forward!U128*(1+SUM($B128:$B$228)) -> 0 | W128: =((13-MONTH($C128))*INDEX($D128:$V128,1,MATCH(YEAR($C128),$D$1:$V$1,0))+12*INDEX($D128:$V128,1,MATCH(YEAR($C128)+1,$D$1:$V$1,0))+12*INDEX($D128:$V128,1,MATCH(YEAR($C128)+2,$D$1:$V$1,0))+(MONTH($C128)-1)*INDEX($D128:$V128,1,MATCH(YEAR($C128)+3,$D$1:$V$1,0)))/36 -> 264.024 | X128: =AVERAGE($W$2:$W$198) -> 223.32806 | Y128: =((13-MONTH($C128))*INDEX($D128:$V128,1,MATCH(YEAR($C128),$D$1:$V$1,0))+12*INDEX($D128:$V128,1,MATCH(YEAR($C128)+1,$D$1:$V$1,0))+12*INDEX($D128:$V128,1,MATCH(YEAR($C128)+2,$D$1:$V$1,0))+12*INDEX($D128:$V128,1,MATCH(YEAR($C128)+3,$D$1:$V$1,0))+12*INDEX($D128:$V128,1,MATCH(YEAR($C128)+4,$D$1:$V$1,0))+(MONTH($C128)-1)*INDEX($D128:$V128,1,MATCH(YEAR($C128)+5,$D$1:$V$1,0)))/60 -> 241.37352 | Z128: =AVERAGE($Y$2:$Y$198) -> 216.50022 | AA128: =IF(MONTH($C128)=1,Forward!AA128*(1+SUM($B128:$B$228)),AA127) -> 20.21851 | AB128: =IF(MONTH($C128)=1,Forward!AB128*(1+SUM($B128:$B$228)),AB127) -> 47.870138 | AC128: =IF(MONTH($C128)=1,Forward!AC128*(1+SUM($B128:$B$228)),AC127) -> 84.488702 | AD128: =IF(MONTH($C128)=1,Forward!AD128*(1+SUM($B128:$B$228)),AD127) -> 418.314 | AE128: =AD128*(1-3%) -> 405.76458 | AF128: =$AE128+$AA128 -> 425.98309 | AG128: =$AE128+$AB128 -> 453.63472 | AH128: =$AE128+$AC128 -> 490.25328 | AI128: =(AE128-W128) -> 141.74058 | AJ128: =(AE128-W128)/AE128 -> 0.34931728 | AK128: =IF(AJ128>0,AJ128,0) -> 0.34931728 | AL128: =IF(AJ128<0,AJ128,0) -> 0 | AM128: =Forward!AI128*(1+SUM($B128:$B$228)) -> 329.3352 | AN128: =Forward!AJ128*(1+SUM($B128:$B$228)) -> 287.6472 | AO128: =Forward!AK128*(1+SUM($B128:$B$228)) -> 233.4528 | AP128: =Forward!AL128*(1+SUM($B128:$B$228)) -> 212.6088 | AQ128: =Forward!AM128*(1+SUM($B128:$B$228)) -> 207.3978
A129: =Forward!A129 -> 0.0036 | B129: =Forward!B129 -> -0.0011 | C129: 45870 | N129: =Forward!N129*(1+SUM($B129:$B$228)) -> 304.6028 | O129: =Forward!O129*(1+SUM($B129:$B$228)) -> 278.6128 | P129: =Forward!P129*(1+SUM($B129:$B$228)) -> 234.9496 | Q129: =Forward!Q129*(1+SUM($B129:$B$228)) -> 213.118 | R129: =Forward!R129*(1+SUM($B129:$B$228)) -> 207.92 | S129: =Forward!S129*(1+SUM($B129:$B$228)) -> 202.722 | T129: =Forward!T129*(1+SUM($B129:$B$228)) -> 192.326 | U129: =Forward!U129*(1+SUM($B129:$B$228)) -> 0 | W129: =((13-MONTH($C129))*INDEX($D129:$V129,1,MATCH(YEAR($C129),$D$1:$V$1,0))+12*INDEX($D129:$V129,1,MATCH(YEAR($C129)+1,$D$1:$V$1,0))+12*INDEX($D129:$V129,1,MATCH(YEAR($C129)+2,$D$1:$V$1,0))+(MONTH($C129)-1)*INDEX($D129:$V129,1,MATCH(YEAR($C129)+3,$D$1:$V$1,0)))/36 -> 254.93302 | X129: =AVERAGE($W$2:$W$198) -> 223.32806 | Y129: =((13-MONTH($C129))*INDEX($D129:$V129,1,MATCH(YEAR($C129),$D$1:$V$1,0))+12*INDEX($D129:$V129,1,MATCH(YEAR($C129)+1,$D$1:$V$1,0))+12*INDEX($D129:$V129,1,MATCH(YEAR($C129)+2,$D$1:$V$1,0))+12*INDEX($D129:$V129,1,MATCH(YEAR($C129)+3,$D$1:$V$1,0))+12*INDEX($D129:$V129,1,MATCH(YEAR($C129)+4,$D$1:$V$1,0))+(MONTH($C129)-1)*INDEX($D129:$V129,1,MATCH(YEAR($C129)+5,$D$1:$V$1,0)))/60 -> 235.95455 | Z129: =AVERAGE($Y$2:$Y$198) -> 216.50022 | AA129: =IF(MONTH($C129)=1,Forward!AA129*(1+SUM($B129:$B$228)),AA128) -> 20.21851 | AB129: =IF(MONTH($C129)=1,Forward!AB129*(1+SUM($B129:$B$228)),AB128) -> 47.870138 | AC129: =IF(MONTH($C129)=1,Forward!AC129*(1+SUM($B129:$B$228)),AC128) -> 84.488702 | AD129: =IF(MONTH($C129)=1,Forward!AD129*(1+SUM($B129:$B$228)),AD128) -> 418.314 | AE129: =AD129*(1-3%) -> 405.76458 | AF129: =$AE129+$AA129 -> 425.98309 | AG129: =$AE129+$AB129 -> 453.63472 | AH129: =$AE129+$AC129 -> 490.25328 | AI129: =(AE129-W129) -> 150.83156 | AJ129: =(AE129-W129)/AE129 -> 0.37172184 | AK129: =IF(AJ129>0,AJ129,0) -> 0.37172184 | AL129: =IF(AJ129<0,AJ129,0) -> 0 | AM129: =Forward!AI129*(1+SUM($B129:$B$228)) -> 304.6028 | AN129: =Forward!AJ129*(1+SUM($B129:$B$228)) -> 278.6128 | AO129: =Forward!AK129*(1+SUM($B129:$B$228)) -> 234.9496 | AP129: =Forward!AL129*(1+SUM($B129:$B$228)) -> 213.118 | AQ129: =Forward!AM129*(1+SUM($B129:$B$228)) -> 207.92
A130: =Forward!A130 -> 0.0042 | B130: =Forward!B130 -> 0.0048 | C130: 45901 | N130: =Forward!N130*(1+SUM($B130:$B$228)) -> 346.5531 | O130: =Forward!O130*(1+SUM($B130:$B$228)) -> 300.7623 | P130: =Forward!P130*(1+SUM($B130:$B$228)) -> 250.8087 | Q130: =Forward!Q130*(1+SUM($B130:$B$228)) -> 228.954 | R130: =Forward!R130*(1+SUM($B130:$B$228)) -> 223.7505 | S130: =Forward!S130*(1+SUM($B130:$B$228)) -> 218.547 | T130: =Forward!T130*(1+SUM($B130:$B$228)) -> 208.14 | U130: =Forward!U130*(1+SUM($B130:$B$228)) -> 0 | W130: =((13-MONTH($C130))*INDEX($D130:$V130,1,MATCH(YEAR($C130),$D$1:$V$1,0))+12*INDEX($D130:$V130,1,MATCH(YEAR($C130)+1,$D$1:$V$1,0))+12*INDEX($D130:$V130,1,MATCH(YEAR($C130)+2,$D$1:$V$1,0))+(MONTH($C130)-1)*INDEX($D130:$V130,1,MATCH(YEAR($C130)+3,$D$1:$V$1,0)))/36 -> 273.24157 | X130: =AVERAGE($W$2:$W$198) -> 223.32806 | Y130: =((13-MONTH($C130))*INDEX($D130:$V130,1,MATCH(YEAR($C130),$D$1:$V$1,0))+12*INDEX($D130:$V130,1,MATCH(YEAR($C130)+1,$D$1:$V$1,0))+12*INDEX($D130:$V130,1,MATCH(YEAR($C130)+2,$D$1:$V$1,0))+12*INDEX($D130:$V130,1,MATCH(YEAR($C130)+3,$D$1:$V$1,0))+12*INDEX($D130:$V130,1,MATCH(YEAR($C130)+4,$D$1:$V$1,0))+(MONTH($C130)-1)*INDEX($D130:$V130,1,MATCH(YEAR($C130)+5,$D$1:$V$1,0)))/60 -> 253.09824 | Z130: =AVERAGE($Y$2:$Y$198) -> 216.50022 | AA130: =IF(MONTH($C130)=1,Forward!AA130*(1+SUM($B130:$B$228)),AA129) -> 20.21851 | AB130: =IF(MONTH($C130)=1,Forward!AB130*(1+SUM($B130:$B$228)),AB129) -> 47.870138 | AC130: =IF(MONTH($C130)=1,Forward!AC130*(1+SUM($B130:$B$228)),AC129) -> 84.488702 | AD130: =IF(MONTH($C130)=1,Forward!AD130*(1+SUM($B130:$B$228)),AD129) -> 418.314 | AE130: =AD130*(1-3%) -> 405.76458 | AF130: =$AE130+$AA130 -> 425.98309 | AG130: =$AE130+$AB130 -> 453.63472 | AH130: =$AE130+$AC130 -> 490.25328 | AI130: =(AE130-W130) -> 132.52301 | AJ130: =(AE130-W130)/AE130 -> 0.32660074 | AK130: =IF(AJ130>0,AJ130,0) -> 0.32660074 | AL130: =IF(AJ130<0,AJ130,0) -> 0 | AM130: =Forward!AI130*(1+SUM($B130:$B$228)) -> 346.5531 | AN130: =Forward!AJ130*(1+SUM($B130:$B$228)) -> 300.7623 | AO130: =Forward!AK130*(1+SUM($B130:$B$228)) -> 250.8087 | AP130: =Forward!AL130*(1+SUM($B130:$B$228)) -> 228.954 | AQ130: =Forward!AM130*(1+SUM($B130:$B$228)) -> 223.7505
A131: =Forward!A131 -> -0.0036 | B131: =Forward!B131 -> 0.0009 | C131: 45931 | N131: =Forward!N131*(1+SUM($B131:$B$228)) -> 333.5598 | O131: =Forward!O131*(1+SUM($B131:$B$228)) -> 291.0879 | P131: =Forward!P131*(1+SUM($B131:$B$228)) -> 250.6878 | Q131: =Forward!Q131*(1+SUM($B131:$B$228)) -> 238.257 | R131: =Forward!R131*(1+SUM($B131:$B$228)) -> 233.0775 | S131: =Forward!S131*(1+SUM($B131:$B$228)) -> 227.898 | T131: =Forward!T131*(1+SUM($B131:$B$228)) -> 217.539 | U131: =Forward!U131*(1+SUM($B131:$B$228)) -> 0 | W131: =((13-MONTH($C131))*INDEX($D131:$V131,1,MATCH(YEAR($C131),$D$1:$V$1,0))+12*INDEX($D131:$V131,1,MATCH(YEAR($C131)+1,$D$1:$V$1,0))+12*INDEX($D131:$V131,1,MATCH(YEAR($C131)+2,$D$1:$V$1,0))+(MONTH($C131)-1)*INDEX($D131:$V131,1,MATCH(YEAR($C131)+3,$D$1:$V$1,0)))/36 -> 267.9528 | X131: =AVERAGE($W$2:$W$198) -> 223.32806 | Y131: =((13-MONTH($C131))*INDEX($D131:$V131,1,MATCH(YEAR($C131),$D$1:$V$1,0))+12*INDEX($D131:$V131,1,MATCH(YEAR($C131)+1,$D$1:$V$1,0))+12*INDEX($D131:$V131,1,MATCH(YEAR($C131)+2,$D$1:$V$1,0))+12*INDEX($D131:$V131,1,MATCH(YEAR($C131)+3,$D$1:$V$1,0))+12*INDEX($D131:$V131,1,MATCH(YEAR($C131)+4,$D$1:$V$1,0))+(MONTH($C131)-1)*INDEX($D131:$V131,1,MATCH(YEAR($C131)+5,$D$1:$V$1,0)))/60 -> 253.48473 | Z131: =AVERAGE($Y$2:$Y$198) -> 216.50022 | AA131: =IF(MONTH($C131)=1,Forward!AA131*(1+SUM($B131:$B$228)),AA130) -> 20.21851 | AB131: =IF(MONTH($C131)=1,Forward!AB131*(1+SUM($B131:$B$228)),AB130) -> 47.870138 | AC131: =IF(MONTH($C131)=1,Forward!AC131*(1+SUM($B131:$B$228)),AC130) -> 84.488702 | AD131: =IF(MONTH($C131)=1,Forward!AD131*(1+SUM($B131:$B$228)),AD130) -> 418.314 | AE131: =AD131*(1-3%) -> 405.76458 | AF131: =$AE131+$AA131 -> 425.98309 | AG131: =$AE131+$AB131 -> 453.63472 | AH131: =$AE131+$AC131 -> 490.25328 | AI131: =(AE131-W131) -> 137.81178 | AJ131: =(AE131-W131)/AE131 -> 0.33963482 | AK131: =IF(AJ131>0,AJ131,0) -> 0.33963482 | AL131: =IF(AJ131<0,AJ131,0) -> 0 | AM131: =Forward!AI131*(1+SUM($B131:$B$228)) -> 333.5598 | AN131: =Forward!AJ131*(1+SUM($B131:$B$228)) -> 291.0879 | AO131: =Forward!AK131*(1+SUM($B131:$B$228)) -> 250.6878 | AP131: =Forward!AL131*(1+SUM($B131:$B$228)) -> 238.257 | AQ131: =Forward!AM131*(1+SUM($B131:$B$228)) -> 233.0775
A132: =Forward!A132 -> 0.0027 | B132: =Forward!B132 -> 0.0018 | C132: 45962 | N132: =Forward!N132*(1+SUM($B132:$B$228)) -> 305.325 | O132: =Forward!O132*(1+SUM($B132:$B$228)) -> 288.765 | P132: =Forward!P132*(1+SUM($B132:$B$228)) -> 241.155 | Q132: =Forward!Q132*(1+SUM($B132:$B$228)) -> 232.875 | R132: =Forward!R132*(1+SUM($B132:$B$228)) -> 227.7 | S132: =Forward!S132*(1+SUM($B132:$B$228)) -> 222.525 | T132: =Forward!T132*(1+SUM($B132:$B$228)) -> 212.175 | U132: =Forward!U132*(1+SUM($B132:$B$228)) -> 0 | W132: =((13-MONTH($C132))*INDEX($D132:$V132,1,MATCH(YEAR($C132),$D$1:$V$1,0))+12*INDEX($D132:$V132,1,MATCH(YEAR($C132)+1,$D$1:$V$1,0))+12*INDEX($D132:$V132,1,MATCH(YEAR($C132)+2,$D$1:$V$1,0))+(MONTH($C132)-1)*INDEX($D132:$V132,1,MATCH(YEAR($C132)+3,$D$1:$V$1,0)))/36 -> 258.29 | X132: =AVERAGE($W$2:$W$198) -> 223.32806 | Y132: =((13-MONTH($C132))*INDEX($D132:$V132,1,MATCH(YEAR($C132),$D$1:$V$1,0))+12*INDEX($D132:$V132,1,MATCH(YEAR($C132)+1,$D$1:$V$1,0))+12*INDEX($D132:$V132,1,MATCH(YEAR($C132)+2,$D$1:$V$1,0))+12*INDEX($D132:$V132,1,MATCH(YEAR($C132)+3,$D$1:$V$1,0))+12*INDEX($D132:$V132,1,MATCH(YEAR($C132)+4,$D$1:$V$1,0))+(MONTH($C132)-1)*INDEX($D132:$V132,1,MATCH(YEAR($C132)+5,$D$1:$V$1,0)))/60 -> 245.364 | Z132: =AVERAGE($Y$2:$Y$198) -> 216.50022 | AA132: =IF(MONTH($C132)=1,Forward!AA132*(1+SUM($B132:$B$228)),AA131) -> 20.21851 | AB132: =IF(MONTH($C132)=1,Forward!AB132*(1+SUM($B132:$B$228)),AB131) -> 47.870138 | AC132: =IF(MONTH($C132)=1,Forward!AC132*(1+SUM($B132:$B$228)),AC131) -> 84.488702 | AD132: =IF(MONTH($C132)=1,Forward!AD132*(1+SUM($B132:$B$228)),AD131) -> 418.314 | AE132: =AD132*(1-3%) -> 405.76458 | AF132: =$AE132+$AA132 -> 425.98309 | AG132: =$AE132+$AB132 -> 453.63472 | AH132: =$AE132+$AC132 -> 490.25328 | AI132: =(AE132-W132) -> 147.47458 | AJ132: =(AE132-W132)/AE132 -> 0.36344863 | AK132: =IF(AJ132>0,AJ132,0) -> 0.36344863 | AL132: =IF(AJ132<0,AJ132,0) -> 0 | AM132: =Forward!AI132*(1+SUM($B132:$B$228)) -> 305.325 | AN132: =Forward!AJ132*(1+SUM($B132:$B$228)) -> 288.765 | AO132: =Forward!AK132*(1+SUM($B132:$B$228)) -> 241.155 | AP132: =Forward!AL132*(1+SUM($B132:$B$228)) -> 232.875 | AQ132: =Forward!AM132*(1+SUM($B132:$B$228)) -> 227.7
A133: =Forward!A133 -> -0.0001 | B133: =Forward!B133 -> 0.0033 | C133: 45992 | N133: =Forward!N133*(1+SUM($B133:$B$228)) -> 322.3584 | O133: =Forward!O133*(1+SUM($B133:$B$228)) -> 326.4912 | P133: =Forward!P133*(1+SUM($B133:$B$228)) -> 273.798 | Q133: =Forward!Q133*(1+SUM($B133:$B$228)) -> 268.632 | R133: =Forward!R133*(1+SUM($B133:$B$228)) -> 238.6692 | S133: =Forward!S133*(1+SUM($B133:$B$228)) -> 211.806 | T133: =Forward!T133*(1+SUM($B133:$B$228)) -> 201.474 | U133: =Forward!U133*(1+SUM($B133:$B$228)) -> 0 | W133: =((13-MONTH($C133))*INDEX($D133:$V133,1,MATCH(YEAR($C133),$D$1:$V$1,0))+12*INDEX($D133:$V133,1,MATCH(YEAR($C133)+1,$D$1:$V$1,0))+12*INDEX($D133:$V133,1,MATCH(YEAR($C133)+2,$D$1:$V$1,0))+(MONTH($C133)-1)*INDEX($D133:$V133,1,MATCH(YEAR($C133)+3,$D$1:$V$1,0)))/36 -> 291.1328 | X133: =AVERAGE($W$2:$W$198) -> 223.32806 | Y133: =((13-MONTH($C133))*INDEX($D133:$V133,1,MATCH(YEAR($C133),$D$1:$V$1,0))+12*INDEX($D133:$V133,1,MATCH(YEAR($C133)+1,$D$1:$V$1,0))+12*INDEX($D133:$V133,1,MATCH(YEAR($C133)+2,$D$1:$V$1,0))+12*INDEX($D133:$V133,1,MATCH(YEAR($C133)+3,$D$1:$V$1,0))+12*INDEX($D133:$V133,1,MATCH(YEAR($C133)+4,$D$1:$V$1,0))+(MONTH($C133)-1)*INDEX($D133:$V133,1,MATCH(YEAR($C133)+5,$D$1:$V$1,0)))/60 -> 265.72182 | Z133: =AVERAGE($Y$2:$Y$198) -> 216.50022 | AA133: =IF(MONTH($C133)=1,Forward!AA133*(1+SUM($B133:$B$228)),AA132) -> 20.21851 | AB133: =IF(MONTH($C133)=1,Forward!AB133*(1+SUM($B133:$B$228)),AB132) -> 47.870138 | AC133: =IF(MONTH($C133)=1,Forward!AC133*(1+SUM($B133:$B$228)),AC132) -> 84.488702 | AD133: =IF(MONTH($C133)=1,Forward!AD133*(1+SUM($B133:$B$228)),AD132) -> 418.314 | AE133: =AD133*(1-3%) -> 405.76458 | AF133: =$AE133+$AA133 -> 425.98309 | AG133: =$AE133+$AB133 -> 453.63472 | AH133: =$AE133+$AC133 -> 490.25328 | AI133: =(AE133-W133) -> 114.63178 | AJ133: =(AE133-W133)/AE133 -> 0.2825081 | AK133: =IF(AJ133>0,AJ133,0) -> 0.2825081 | AL133: =IF(AJ133<0,AJ133,0) -> 0 | AM133: =Forward!AI133*(1+SUM($B133:$B$228)) -> 322.3584 | AN133: =Forward!AJ133*(1+SUM($B133:$B$228)) -> 326.4912 | AO133: =Forward!AK133*(1+SUM($B133:$B$228)) -> 273.798 | AP133: =Forward!AL133*(1+SUM($B133:$B$228)) -> 268.632 | AQ133: =Forward!AM133*(1+SUM($B133:$B$228)) -> 238.6692
A134: =Forward!A134 -> 0.0041 | B134: =Forward!B134 -> 0.0062 | C134: 46023 | O134: =Forward!O134*(1+SUM($B134:$B$228)) -> 374.8836 | P134: =Forward!P134*(1+SUM($B134:$B$228)) -> 302.7906 | Q134: =Forward!Q134*(1+SUM($B134:$B$228)) -> 283.2225 | R134: =Forward!R134*(1+SUM($B134:$B$228)) -> 262.6245 | S134: =Forward!S134*(1+SUM($B134:$B$228)) -> 221.4285 | T134: =Forward!T134*(1+SUM($B134:$B$228)) -> 209.0697 | U134: =Forward!U134*(1+SUM($B134:$B$228)) -> 0 | W134: =((13-MONTH($C134))*INDEX($D134:$V134,1,MATCH(YEAR($C134),$D$1:$V$1,0))+12*INDEX($D134:$V134,1,MATCH(YEAR($C134)+1,$D$1:$V$1,0))+12*INDEX($D134:$V134,1,MATCH(YEAR($C134)+2,$D$1:$V$1,0))+(MONTH($C134)-1)*INDEX($D134:$V134,1,MATCH(YEAR($C134)+3,$D$1:$V$1,0)))/36 -> 320.2989 | X134: =AVERAGE($W$2:$W$198) -> 223.32806 | Y134: =((13-MONTH($C134))*INDEX($D134:$V134,1,MATCH(YEAR($C134),$D$1:$V$1,0))+12*INDEX($D134:$V134,1,MATCH(YEAR($C134)+1,$D$1:$V$1,0))+12*INDEX($D134:$V134,1,MATCH(YEAR($C134)+2,$D$1:$V$1,0))+12*INDEX($D134:$V134,1,MATCH(YEAR($C134)+3,$D$1:$V$1,0))+12*INDEX($D134:$V134,1,MATCH(YEAR($C134)+4,$D$1:$V$1,0))+(MONTH($C134)-1)*INDEX($D134:$V134,1,MATCH(YEAR($C134)+5,$D$1:$V$1,0)))/60 -> 288.98994 | Z134: =AVERAGE($Y$2:$Y$198) -> 216.50022 | AA134: =IF(MONTH($C134)=1,Forward!AA134*(1+SUM($B134:$B$228)),AA133) -> 19.413615 | AB134: =IF(MONTH($C134)=1,Forward!AB134*(1+SUM($B134:$B$228)),AB133) -> 45.964437 | AC134: =IF(MONTH($C134)=1,Forward!AC134*(1+SUM($B134:$B$228)),AC133) -> 81.125223 | AD134: =IF(MONTH($C134)=1,Forward!AD134*(1+SUM($B134:$B$228)),AD133) -> 401.661 | AE134: =AD134*(1-0%) -> 401.661 | AF134: =$AE134+$AA134 -> 421.07461 | AG134: =$AE134+$AB134 -> 447.62544 | AH134: =$AE134+$AC134 -> 482.78622 | AI134: =(AE134-W134) -> 81.3621 | AJ134: =(AE134-W134)/AE134 -> 0.2025641 | AK134: =IF(AJ134>0,AJ134,0) -> 0.2025641 | AL134: =IF(AJ134<0,AJ134,0) -> 0 | AM134: =Forward!AI134*(1+SUM($B134:$B$228)) -> 374.8836 | AN134: =Forward!AJ134*(1+SUM($B134:$B$228)) -> 302.7906 | AO134: =Forward!AK134*(1+SUM($B134:$B$228)) -> 283.2225 | AP134: =Forward!AL134*(1+SUM($B134:$B$228)) -> 262.6245 | AQ134: =Forward!AM134*(1+SUM($B134:$B$228)) -> 221.4285
A135: =Forward!A135 -> -0.0073 | B135: =Forward!B135 -> 0.0054 | C135: 46054 | O135: =Forward!O135*(1+SUM($B135:$B$228)) -> 446.3332 | P135: =Forward!P135*(1+SUM($B135:$B$228)) -> 321.4418 | Q135: =Forward!Q135*(1+SUM($B135:$B$228)) -> 305.0626 | R135: =Forward!R135*(1+SUM($B135:$B$228)) -> 276.399 | S135: =Forward!S135*(1+SUM($B135:$B$228)) -> 252.8539 | T135: =Forward!T135*(1+SUM($B135:$B$228)) -> 213.9533 | U135: =Forward!U135*(1+SUM($B135:$B$228)) -> 0 | W135: =((13-MONTH($C135))*INDEX($D135:$V135,1,MATCH(YEAR($C135),$D$1:$V$1,0))+12*INDEX($D135:$V135,1,MATCH(YEAR($C135)+1,$D$1:$V$1,0))+12*INDEX($D135:$V135,1,MATCH(YEAR($C135)+2,$D$1:$V$1,0))+(MONTH($C135)-1)*INDEX($D135:$V135,1,MATCH(YEAR($C135)+3,$D$1:$V$1,0)))/36 -> 352.89214 | X135: =AVERAGE($W$2:$W$198) -> 223.32806 | Y135: =((13-MONTH($C135))*INDEX($D135:$V135,1,MATCH(YEAR($C135),$D$1:$V$1,0))+12*INDEX($D135:$V135,1,MATCH(YEAR($C135)+1,$D$1:$V$1,0))+12*INDEX($D135:$V135,1,MATCH(YEAR($C135)+2,$D$1:$V$1,0))+12*INDEX($D135:$V135,1,MATCH(YEAR($C135)+3,$D$1:$V$1,0))+12*INDEX($D135:$V135,1,MATCH(YEAR($C135)+4,$D$1:$V$1,0))+(MONTH($C135)-1)*INDEX($D135:$V135,1,MATCH(YEAR($C135)+5,$D$1:$V$1,0)))/60 -> 316.5451 | Z135: =AVERAGE($Y$2:$Y$198) -> 216.50022 | AA135: =IF(MONTH($C135)=1,Forward!AA135*(1+SUM($B135:$B$228)),AA134) -> 19.413615 | AB135: =IF(MONTH($C135)=1,Forward!AB135*(1+SUM($B135:$B$228)),AB134) -> 45.964437 | AC135: =IF(MONTH($C135)=1,Forward!AC135*(1+SUM($B135:$B$228)),AC134) -> 81.125223 | AD135: =IF(MONTH($C135)=1,Forward!AD135*(1+SUM($B135:$B$228)),AD134) -> 401.661 | AE135: =AD135*(1-0%) -> 401.661 | AF135: =$AE135+$AA135 -> 421.07461 | AG135: =$AE135+$AB135 -> 447.62544 | AH135: =$AE135+$AC135 -> 482.78622 | AI135: =(AE135-W135) -> 48.768861 | AJ135: =(AE135-W135)/AE135 -> 0.12141796 | AK135: =IF(AJ135>0,AJ135,0) -> 0.12141796 | AL135: =IF(AJ135<0,AJ135,0) -> 0 | AM135: =Forward!AI135*(1+SUM($B135:$B$228)) -> 446.3332 | AN135: =Forward!AJ135*(1+SUM($B135:$B$228)) -> 321.4418 | AO135: =Forward!AK135*(1+SUM($B135:$B$228)) -> 305.0626 | AP135: =Forward!AL135*(1+SUM($B135:$B$228)) -> 276.399 | AQ135: =Forward!AM135*(1+SUM($B135:$B$228)) -> 252.8539
A136: =Forward!A136 -> 0.0037 | B136: =Forward!B136 -> 0.0067 | C136: 46082 | O136: =Forward!O136*(1+SUM($B136:$B$228)) -> 407.32 | P136: =Forward!P136*(1+SUM($B136:$B$228)) -> 303.4534 | Q136: =Forward!Q136*(1+SUM($B136:$B$228)) -> 287.1606 | R136: =Forward!R136*(1+SUM($B136:$B$228)) -> 265.7763 | S136: =Forward!S136*(1+SUM($B136:$B$228)) -> 244.392 | T136: =Forward!T136*(1+SUM($B136:$B$228)) -> 221.9894 | U136: =Forward!U136*(1+SUM($B136:$B$228)) -> 0 | W136: =((13-MONTH($C136))*INDEX($D136:$V136,1,MATCH(YEAR($C136),$D$1:$V$1,0))+12*INDEX($D136:$V136,1,MATCH(YEAR($C136)+1,$D$1:$V$1,0))+12*INDEX($D136:$V136,1,MATCH(YEAR($C136)+2,$D$1:$V$1,0))+(MONTH($C136)-1)*INDEX($D136:$V136,1,MATCH(YEAR($C136)+3,$D$1:$V$1,0)))/36 -> 324.78113 | X136: =AVERAGE($W$2:$W$198) -> 223.32806 | Y136: =((13-MONTH($C136))*INDEX($D136:$V136,1,MATCH(YEAR($C136),$D$1:$V$1,0))+12*INDEX($D136:$V136,1,MATCH(YEAR($C136)+1,$D$1:$V$1,0))+12*INDEX($D136:$V136,1,MATCH(YEAR($C136)+2,$D$1:$V$1,0))+12*INDEX($D136:$V136,1,MATCH(YEAR($C136)+3,$D$1:$V$1,0))+12*INDEX($D136:$V136,1,MATCH(YEAR($C136)+4,$D$1:$V$1,0))+(MONTH($C136)-1)*INDEX($D136:$V136,1,MATCH(YEAR($C136)+5,$D$1:$V$1,0)))/60 -> 295.44277 | Z136: =AVERAGE($Y$2:$Y$198) -> 216.50022 | AA136: =IF(MONTH($C136)=1,Forward!AA136*(1+SUM($B136:$B$228)),AA135) -> 19.413615 | AB136: =IF(MONTH($C136)=1,Forward!AB136*(1+SUM($B136:$B$228)),AB135) -> 45.964437 | AC136: =IF(MONTH($C136)=1,Forward!AC136*(1+SUM($B136:$B$228)),AC135) -> 81.125223 | AD136: =IF(MONTH($C136)=1,Forward!AD136*(1+SUM($B136:$B$228)),AD135) -> 401.661 | AE136: =AD136*(1-0%) -> 401.661 | AF136: =$AE136+$AA136 -> 421.07461 | AG136: =$AE136+$AB136 -> 447.62544 | AH136: =$AE136+$AC136 -> 482.78622 | AI136: =(AE136-W136) -> 76.879872 | AJ136: =(AE136-W136)/AE136 -> 0.19140487 | AK136: =IF(AJ136>0,AJ136,0) -> 0.19140487 | AL136: =IF(AJ136<0,AJ136,0) -> 0 | AM136: =Forward!AI136*(1+SUM($B136:$B$228)) -> 407.32 | AN136: =Forward!AJ136*(1+SUM($B136:$B$228)) -> 303.4534 | AO136: =Forward!AK136*(1+SUM($B136:$B$228)) -> 287.1606 | AP136: =Forward!AL136*(1+SUM($B136:$B$228)) -> 265.7763 | AQ136: =Forward!AM136*(1+SUM($B136:$B$228)) -> 244.392
A137: =Forward!A137 -> 0.0132 | B137: =Forward!B137 -> 0.0067 | C137: 46113 | O137: =Forward!O137*(1+SUM($B137:$B$228)) -> 328.77 | P137: =Forward!P137*(1+SUM($B137:$B$228)) -> 299.4336 | Q137: =Forward!Q137*(1+SUM($B137:$B$228)) -> 283.248 | R137: =Forward!R137*(1+SUM($B137:$B$228)) -> 258.9696 | S137: =Forward!S137*(1+SUM($B137:$B$228)) -> 233.6796 | T137: =Forward!T137*(1+SUM($B137:$B$228)) -> 216.4824 | U137: =Forward!U137*(1+SUM($B137:$B$228)) -> 0 | W137: =((13-MONTH($C137))*INDEX($D137:$V137,1,MATCH(YEAR($C137),$D$1:$V$1,0))+12*INDEX($D137:$V137,1,MATCH(YEAR($C137)+1,$D$1:$V$1,0))+12*INDEX($D137:$V137,1,MATCH(YEAR($C137)+2,$D$1:$V$1,0))+(MONTH($C137)-1)*INDEX($D137:$V137,1,MATCH(YEAR($C137)+3,$D$1:$V$1,0)))/36 -> 298.0005 | X137: =AVERAGE($W$2:$W$198) -> 223.32806 | Y137: =((13-MONTH($C137))*INDEX($D137:$V137,1,MATCH(YEAR($C137),$D$1:$V$1,0))+12*INDEX($D137:$V137,1,MATCH(YEAR($C137)+1,$D$1:$V$1,0))+12*INDEX($D137:$V137,1,MATCH(YEAR($C137)+2,$D$1:$V$1,0))+12*INDEX($D137:$V137,1,MATCH(YEAR($C137)+3,$D$1:$V$1,0))+12*INDEX($D137:$V137,1,MATCH(YEAR($C137)+4,$D$1:$V$1,0))+(MONTH($C137)-1)*INDEX($D137:$V137,1,MATCH(YEAR($C137)+5,$D$1:$V$1,0)))/60 -> 275.20578 | Z137: =AVERAGE($Y$2:$Y$198) -> 216.50022 | AA137: =IF(MONTH($C137)=1,Forward!AA137*(1+SUM($B137:$B$228)),AA136) -> 19.413615 | AB137: =IF(MONTH($C137)=1,Forward!AB137*(1+SUM($B137:$B$228)),AB136) -> 45.964437 | AC137: =IF(MONTH($C137)=1,Forward!AC137*(1+SUM($B137:$B$228)),AC136) -> 81.125223 | AD137: =IF(MONTH($C137)=1,Forward!AD137*(1+SUM($B137:$B$228)),AD136) -> 401.661 | AE137: =AD137*(1-0%) -> 401.661 | AF137: =$AE137+$AA137 -> 421.07461 | AG137: =$AE137+$AB137 -> 447.62544 | AH137: =$AE137+$AC137 -> 482.78622 | AI137: =(AE137-W137) -> 103.6605 | AJ137: =(AE137-W137)/AE137 -> 0.25807957 | AK137: =IF(AJ137>0,AJ137,0) -> 0.25807957 | AL137: =IF(AJ137<0,AJ137,0) -> 0 | AM137: =Forward!AI137*(1+SUM($B137:$B$228)) -> 328.77 | AN137: =Forward!AJ137*(1+SUM($B137:$B$228)) -> 299.4336 | AO137: =Forward!AK137*(1+SUM($B137:$B$228)) -> 283.248 | AP137: =Forward!AL137*(1+SUM($B137:$B$228)) -> 258.9696 | AQ137: =Forward!AM137*(1+SUM($B137:$B$228)) -> 233.6796
